[
    {
        "key": "spine/physics/010/00/aim",
        "hash": "617b4d80322c74a43a7e8e9e549db9b3"
    },
    {
        "key": "spine/physics/010/00/aim-shooting",
        "hash": "016de68962e176d499ae04de570716a1"
    },
    {
        "key": "spine/physics/010/00/cover",
        "hash": "b61b107ec04afcc44a45d6357871df99"
    },
    {
        "key": "spine/physics/010/01/aim",
        "hash": "49ee0dde22ddc6a47940f91f31680d1e"
    },
    {
        "key": "spine/physics/010/01/aim-shooting",
        "hash": "0c8ae61d2c91de9458f89907e54635a9"
    },
    {
        "key": "spine/physics/010/01/cover",
        "hash": "0dc9366e0f2c4de46aeabf2a29f889b1"
    },
    {
        "key": "spine/physics/010/02/aim",
        "hash": "0455b99ea641cd0428b8ff173e6c643d"
    },
    {
        "key": "spine/physics/010/02/aim-shooting",
        "hash": "d38f1e1d18c4eab4e94e7915aacf5a65"
    },
    {
        "key": "spine/physics/010/02/cover",
        "hash": "16d2fd9bc2d0f4e4f8a49ea7f7d55817"
    },
    {
        "key": "spine/physics/011/00/aim",
        "hash": "2597f0c1adbf2b14bbb459b2f6c7d3d9"
    },
    {
        "key": "spine/physics/011/00/aim-shooting",
        "hash": "1ba898490d75c214594e96c8adaa3fa4"
    },
    {
        "key": "spine/physics/011/00/cover",
        "hash": "c47ec87fd72ef954fa475e98e25ccb6e"
    },
    {
        "key": "spine/physics/011/01/aim",
        "hash": "2d2fc3b0a1e84274fafa90de76aa8072"
    },
    {
        "key": "spine/physics/011/01/aim-shooting",
        "hash": "570cb8ee4cd390a46b988c88263b4e08"
    },
    {
        "key": "spine/physics/011/01/cover",
        "hash": "d01d4cffda409a1458bd387f9155f6e8"
    },
    {
        "key": "spine/physics/012/00/aim",
        "hash": "ba119abe902c3ed42b96fb28856df2e7"
    },
    {
        "key": "spine/physics/012/00/aim-shooting",
        "hash": "66ae5a6bbea64124f867bff70728314b"
    },
    {
        "key": "spine/physics/012/00/cover",
        "hash": "2e87f520d65e68c4aad7586044d7cb8f"
    },
    {
        "key": "spine/physics/012/99/aim",
        "hash": "bb7eac501a55c844290831dc030b6546"
    },
    {
        "key": "spine/physics/012/99/cover",
        "hash": "9122d3999b8de6e47a7aae7fa8a90c2f"
    },
    {
        "key": "spine/physics/013/00/aim",
        "hash": "778fcf7258888e74fbad166bf6e4c840"
    },
    {
        "key": "spine/physics/013/00/aim-shooting",
        "hash": "2ad25f1e29c25b447be3d2cab94c5c23"
    },
    {
        "key": "spine/physics/013/00/cover",
        "hash": "50d9b92e38a347a4a9374e211a121513"
    },
    {
        "key": "spine/physics/014/00/aim",
        "hash": "20ef0fd1e6e62974e9a3043eba1ed57f"
    },
    {
        "key": "spine/physics/014/00/aim-shooting",
        "hash": "ae6832952bfb0f54b901d85d91953de4"
    },
    {
        "key": "spine/physics/014/00/cover",
        "hash": "c68654fe9f91e77409601e90c2b6586a"
    },
    {
        "key": "spine/physics/015/00/aim",
        "hash": "27382582aedc49647bfe1cc224528446"
    },
    {
        "key": "spine/physics/015/00/aim-shooting",
        "hash": "749e59acfde2ad841b22773da87cb66b"
    },
    {
        "key": "spine/physics/015/00/cover",
        "hash": "b47385c4a5d5062418d1c8bfe60b2bbd"
    },
    {
        "key": "spine/physics/016/00/aim",
        "hash": "4cb9b5d4518763a4899e5ee3e767957e"
    },
    {
        "key": "spine/physics/016/00/aim-shooting",
        "hash": "6c18c30332cca7e488ffd90c775c68c0"
    },
    {
        "key": "spine/physics/016/00/cover",
        "hash": "ff35f19d51763334fb03aba23e3bed2c"
    },
    {
        "key": "spine/physics/020/00/aim",
        "hash": "2d4a8bd4136c60f4e9bf7b804ebfd349"
    },
    {
        "key": "spine/physics/020/00/aim-shooting",
        "hash": "e97e6246c7ad0724b91482be366249ac"
    },
    {
        "key": "spine/physics/020/00/cover",
        "hash": "983090b269c53a44784c7d402310b529"
    },
    {
        "key": "spine/physics/022/00/aim",
        "hash": "779733d3dbca8b44c8c4038bac274002"
    },
    {
        "key": "spine/physics/022/00/aim-shooting",
        "hash": "98b70745f3a1c48468ea7ae08df9e80b"
    },
    {
        "key": "spine/physics/022/00/cover",
        "hash": "8bb3b4c16d0e999408a99954807daeb5"
    },
    {
        "key": "spine/physics/022/01/aim",
        "hash": "c075d1e844ad0a542a602bcd05156463"
    },
    {
        "key": "spine/physics/022/01/aim-shooting",
        "hash": "368525e044dbfb144bfe78449e6d567c"
    },
    {
        "key": "spine/physics/022/01/cover",
        "hash": "55908db816f754c4681f407729c395cf"
    },
    {
        "key": "spine/physics/030/00/aim",
        "hash": "bbc9a21493782a24db276e5773ae748d"
    },
    {
        "key": "spine/physics/030/00/aim-shooting",
        "hash": "e387920e0d2a29a4cb945a63ba8dd89f"
    },
    {
        "key": "spine/physics/030/00/cover",
        "hash": "e97bac7cb92605248b688cf69e610027"
    },
    {
        "key": "spine/physics/030/01/aim",
        "hash": "2728a201663064e44b3aecc605f69c99"
    },
    {
        "key": "spine/physics/030/01/aim-shooting",
        "hash": "bdb3ff156243f1646a851f7b80e70dfc"
    },
    {
        "key": "spine/physics/030/01/cover",
        "hash": "533a06268b5c36b4b983abd546ff7ebe"
    },
    {
        "key": "spine/physics/030/02/aim",
        "hash": "5d609f53122d6ed44896b566811fe7cd"
    },
    {
        "key": "spine/physics/030/02/aim-shooting",
        "hash": "aa362bd5e6975c54fb7de97b0b99ee5a"
    },
    {
        "key": "spine/physics/030/02/cover",
        "hash": "980b11803a513964283f57b9f5f66191"
    },
    {
        "key": "spine/physics/032/00/aim",
        "hash": "1db31724b24cc4c41a5cc1076b97bbf6"
    },
    {
        "key": "spine/physics/032/00/aim-shooting",
        "hash": "4f8ecaf27cc4d9a4986b9d42247a0d9c"
    },
    {
        "key": "spine/physics/032/00/cover",
        "hash": "f634799d4527f0540afec0c05ce444bf"
    },
    {
        "key": "spine/physics/032/01/aim",
        "hash": "e9f3d593fb70e1a428e21de153430727"
    },
    {
        "key": "spine/physics/032/01/aim-shooting",
        "hash": "aba6afdb9b6303a4f905557b1febf27d"
    },
    {
        "key": "spine/physics/032/01/cover",
        "hash": "d1bafdc478364f5468a11c7aba7d75d3"
    },
    {
        "key": "spine/physics/033/00/aim",
        "hash": "707559f83c59a474eb20ce0cae6ee661"
    },
    {
        "key": "spine/physics/033/00/aim-shooting",
        "hash": "0ce11b38bbc32c14185426be9b84b535"
    },
    {
        "key": "spine/physics/033/00/cover",
        "hash": "92bf27daf933d374a8809b9fede9322a"
    },
    {
        "key": "spine/physics/040/00/aim",
        "hash": "5403855f4726327428251a79ca20567b"
    },
    {
        "key": "spine/physics/040/00/aim-shooting",
        "hash": "f3952a81680768e46adab2d53c009824"
    },
    {
        "key": "spine/physics/040/00/cover",
        "hash": "7f50e3e225ba46949aaa3a10a1fc3e8e"
    },
    {
        "key": "spine/physics/041/00/aim",
        "hash": "5ebecd7edbd722145a07fd6036aa2931"
    },
    {
        "key": "spine/physics/041/00/aim-shooting",
        "hash": "2bbca9faeb4c65a4494a5609060e4c68"
    },
    {
        "key": "spine/physics/041/00/cover",
        "hash": "d9e097e2914b96c44b089e074e1b2e67"
    },
    {
        "key": "spine/physics/042/00/aim",
        "hash": "2e118e3667e972648bc8a1c1073b905f"
    },
    {
        "key": "spine/physics/042/00/aim-shooting",
        "hash": "3a9252581947a8f4980237368a1ad586"
    },
    {
        "key": "spine/physics/042/00/cover",
        "hash": "8b1662772dc900b4aa373e9b04eb72c1"
    },
    {
        "key": "spine/physics/043/00/aim",
        "hash": "cdb37095e27569b4c86a05746c822740"
    },
    {
        "key": "spine/physics/043/00/aim-shooting",
        "hash": "99a0b0f38a9b9084fa9b6cb320b77b8c"
    },
    {
        "key": "spine/physics/043/00/cover",
        "hash": "848352010a560ca41822566774b76bec"
    },
    {
        "key": "spine/physics/043/01/aim",
        "hash": "3108c99cbd4a6d740b8ccf0f012c0620"
    },
    {
        "key": "spine/physics/043/01/aim-shooting",
        "hash": "b67c16157341cb847930d17fde8ba3c7"
    },
    {
        "key": "spine/physics/043/01/cover",
        "hash": "202e1404d0af2b145985189dc96cc867"
    },
    {
        "key": "spine/physics/060/00/aim",
        "hash": "cd8bbe55a863d9641aa31b4355f1e647"
    },
    {
        "key": "spine/physics/060/00/aim-shooting",
        "hash": "8950811a2baa0c9408b72f90e33e9cb5"
    },
    {
        "key": "spine/physics/060/00/cover",
        "hash": "fd7b6567d36568e439ab8954047adea3"
    },
    {
        "key": "spine/physics/061/00/aim",
        "hash": "db2a194372355c046b337dd6d4b93bb8"
    },
    {
        "key": "spine/physics/061/00/aim-shooting",
        "hash": "711ba7db19fe1224a9669555f81219b6"
    },
    {
        "key": "spine/physics/061/00/cover",
        "hash": "cc299ed40ce07be4db4282bfd05143d4"
    },
    {
        "key": "spine/physics/062/00/aim",
        "hash": "314c14488b02bc941b42cbaa0060576e"
    },
    {
        "key": "spine/physics/062/00/aim-shooting",
        "hash": "c47be3a4630c39d45bd6cf5f4d812fe4"
    },
    {
        "key": "spine/physics/062/00/cover",
        "hash": "90104d312bdd7fd4882f8f90311ab2bb"
    },
    {
        "key": "spine/physics/070/00/aim",
        "hash": "7e820707bce507d498ac75f550ad1375"
    },
    {
        "key": "spine/physics/070/00/aim-shooting",
        "hash": "479458de30b338f4eb807e233d097a80"
    },
    {
        "key": "spine/physics/070/00/cover",
        "hash": "606b91a479d05744897b47ac92c66298"
    },
    {
        "key": "spine/physics/070/01/aim",
        "hash": "67d9ff3e7f6d4024e96191fa1cd2697c"
    },
    {
        "key": "spine/physics/070/01/aim-shooting",
        "hash": "a3134cbcbef764c478bb527ef965abfc"
    },
    {
        "key": "spine/physics/070/01/cover",
        "hash": "d933e475d1718c145bd7e265fd81e50e"
    },
    {
        "key": "spine/physics/070/02/aim",
        "hash": "f0e8b6d3c36cb744e9f04a913b8d40c5"
    },
    {
        "key": "spine/physics/070/02/aim-shooting",
        "hash": "38e8a62dfc4dc0d4182cfb531539bb9e"
    },
    {
        "key": "spine/physics/070/02/cover",
        "hash": "75a81f47c74ae7a4d992332439547443"
    },
    {
        "key": "spine/physics/071/00/aim",
        "hash": "ed85eabedec718744a0bc71c246b5638"
    },
    {
        "key": "spine/physics/071/00/aim-shooting",
        "hash": "8cfd08d400dfa6a42a455f9fcb87c68e"
    },
    {
        "key": "spine/physics/071/00/cover",
        "hash": "8eb04e9a6a2967347893533362d04ce3"
    },
    {
        "key": "spine/physics/072/00/aim",
        "hash": "5de3b3e836bf7e54e9eb352b9bb02359"
    },
    {
        "key": "spine/physics/072/00/aim-shooting",
        "hash": "3f36d481331dde74ca7ac25b84e2a88b"
    },
    {
        "key": "spine/physics/072/00/cover",
        "hash": "bbc013e4387a16746a01f44cbbb685fe"
    },
    {
        "key": "spine/physics/072/01/aim",
        "hash": "0e9ae6ab941cb164dbd53c048bf78d53"
    },
    {
        "key": "spine/physics/072/01/aim-shooting",
        "hash": "f713704bf8198ab488d93eee664e1bc0"
    },
    {
        "key": "spine/physics/072/01/cover",
        "hash": "76c54563e66a0394783feca08008ca2d"
    },
    {
        "key": "spine/physics/072/02/aim",
        "hash": "23b46776c4f127b45a81a785aed4df5e"
    },
    {
        "key": "spine/physics/072/02/aim-shooting",
        "hash": "1abf6f63c331de04189f88c86834b381"
    },
    {
        "key": "spine/physics/072/02/cover",
        "hash": "bee4e3661b95ab34d9afd9c6f4876938"
    },
    {
        "key": "spine/physics/072/03/aim",
        "hash": "65a804dfc55825e4589e661b1fdcfc03"
    },
    {
        "key": "spine/physics/072/03/aim-shooting",
        "hash": "8526eb101db28f646b59dbca3fa60b73"
    },
    {
        "key": "spine/physics/072/03/cover",
        "hash": "fd0b9b5b9a43abe4d9afb4983189f24e"
    },
    {
        "key": "spine/physics/072/04/aim",
        "hash": "90cb4ee414b711d44b8699f9e4043883"
    },
    {
        "key": "spine/physics/072/04/aim-shooting",
        "hash": "354252c37e363044188b990dea29ccb3"
    },
    {
        "key": "spine/physics/072/04/cover",
        "hash": "a68cdd671abddbc48945eb083d4bbfe3"
    },
    {
        "key": "spine/physics/080/00/aim",
        "hash": "97a9dfbd7023f9b40bbfce6085e03024"
    },
    {
        "key": "spine/physics/080/00/aim-shooting",
        "hash": "549408e10b31c114dba738a30b3dcbe5"
    },
    {
        "key": "spine/physics/080/00/cover",
        "hash": "b58cb0bcdf5a7494bb0c02c81fa0d6d4"
    },
    {
        "key": "spine/physics/080/01/aim",
        "hash": "970e31f491d85c448a982f8f54c2ef81"
    },
    {
        "key": "spine/physics/080/01/aim-shooting",
        "hash": "6e4b124737181824281b402f98ee59b9"
    },
    {
        "key": "spine/physics/080/01/cover",
        "hash": "d9d1cf443ce3a994995d8fd15f40e9ea"
    },
    {
        "key": "spine/physics/082/00/aim",
        "hash": "4d620728957719a4491f1db0c095bd7c"
    },
    {
        "key": "spine/physics/082/00/aim-shooting",
        "hash": "6e5d2458d18ba874f83084aaa8f2166c"
    },
    {
        "key": "spine/physics/082/00/cover",
        "hash": "5f9e6b166c385214c901ab45ed76190e"
    },
    {
        "key": "spine/physics/082/01/aim",
        "hash": "6ea79d25bc8985841b2c4d46811d3437"
    },
    {
        "key": "spine/physics/082/01/aim-shooting",
        "hash": "cdab0d1a83885ee48bf9ca0e1e22631f"
    },
    {
        "key": "spine/physics/082/01/cover",
        "hash": "30d40e5c546cdc34b84b7db01384627e"
    },
    {
        "key": "spine/physics/082/02/aim",
        "hash": "fb6da5eeb844a7d4b953553e0becaea2"
    },
    {
        "key": "spine/physics/082/02/aim-shooting",
        "hash": "5bce6fadb5a676b4483223f82fbc22d2"
    },
    {
        "key": "spine/physics/082/02/cover",
        "hash": "b4790f77e5aa54748b5e9478bc535e8f"
    },
    {
        "key": "spine/physics/090/00/aim",
        "hash": "0a13b9b8a43f96746b0b5a88e7892ad5"
    },
    {
        "key": "spine/physics/090/00/aim-shooting",
        "hash": "5446472b631e666408da22cb71b9ae28"
    },
    {
        "key": "spine/physics/090/00/cover",
        "hash": "e56f805194fec484c8c00e230848f14e"
    },
    {
        "key": "spine/physics/090/01/aim",
        "hash": "403b768657c4d6a4db7ffde4fb99e5d2"
    },
    {
        "key": "spine/physics/090/01/aim-shooting",
        "hash": "24979f968ffe976448767c893490a20c"
    },
    {
        "key": "spine/physics/090/01/cover",
        "hash": "a8b82b3f0dd080140ac6f53c4c401e2f"
    },
    {
        "key": "spine/physics/090/02/aim",
        "hash": "4270ae6edbb7bfb4ba50ad67a5601dfd"
    },
    {
        "key": "spine/physics/090/02/aim-shooting",
        "hash": "3f1e68d6e38000649957a7616c9db70b"
    },
    {
        "key": "spine/physics/090/02/cover",
        "hash": "9ded4cac1a8405a42ae0f330263622d4"
    },
    {
        "key": "spine/physics/090/99/aim",
        "hash": "49cbc3818f6c84041a0e0b1db03b7190"
    },
    {
        "key": "spine/physics/090/99/cover",
        "hash": "f45dfbf7030d69a49a30311b581aa564"
    },
    {
        "key": "spine/physics/091/00/aim",
        "hash": "1dbeb261458f14b46935833f36c8b609"
    },
    {
        "key": "spine/physics/091/00/aim-shooting",
        "hash": "fb9907e43dc23b84d83bf06907cda5e7"
    },
    {
        "key": "spine/physics/091/00/cover",
        "hash": "2a2624472f49a4d45aeef8e0f19f3cba"
    },
    {
        "key": "spine/physics/091/01/aim",
        "hash": "957c1716d439886428658f6569c5bcc7"
    },
    {
        "key": "spine/physics/091/01/aim-shooting",
        "hash": "c10ddb8fd68f7fa4984c7fe35fd2d21f"
    },
    {
        "key": "spine/physics/091/01/cover",
        "hash": "6b7a7e90bd6a6584ca32a5786e531b28"
    },
    {
        "key": "spine/physics/092/00/aim",
        "hash": "d2f79263b990159438d0ac609fe3323f"
    },
    {
        "key": "spine/physics/092/00/aim-shooting",
        "hash": "f15f4a289a0afb249973703bc3ce21f3"
    },
    {
        "key": "spine/physics/092/00/cover",
        "hash": "0d97058e930eb874d9e4fe606eca8aca"
    },
    {
        "key": "spine/physics/100/00/aim",
        "hash": "da1ba57b64245a546b5dc2247a570af3"
    },
    {
        "key": "spine/physics/100/00/aim-shooting",
        "hash": "232104ebb39f2d54c9f75a86d916491f"
    },
    {
        "key": "spine/physics/100/00/cover",
        "hash": "3bc565fa654dd544684c1c8c859654fa"
    },
    {
        "key": "spine/physics/101/00/aim",
        "hash": "a89f880e49fc35240862da5361cdbf36"
    },
    {
        "key": "spine/physics/101/00/aim-shooting",
        "hash": "5fbe6cf6a0e249a4abd600c9966e94a1"
    },
    {
        "key": "spine/physics/101/00/cover",
        "hash": "41adbc7e6fad5f34898462ba537b8b2f"
    },
    {
        "key": "spine/physics/101/01/aim",
        "hash": "fcff7012671bfe64e910a45b007a5443"
    },
    {
        "key": "spine/physics/101/01/aim-shooting",
        "hash": "bfa75b127d317cc4fa6cbdc9413f4137"
    },
    {
        "key": "spine/physics/101/01/cover",
        "hash": "082b0b9c6f4416340a4c89a7cb87399f"
    },
    {
        "key": "spine/physics/101/02/aim",
        "hash": "935d8e4b0bcac5b4c9609334a55f1471"
    },
    {
        "key": "spine/physics/101/02/aim-shooting",
        "hash": "0175d47973a6d2a4b96aa4eee736bd54"
    },
    {
        "key": "spine/physics/101/02/cover",
        "hash": "4b385cb01e0db66448e0457ec960bad8"
    },
    {
        "key": "spine/physics/102/00/aim",
        "hash": "03b5156623213894ea10b16680dfd552"
    },
    {
        "key": "spine/physics/102/00/aim-shooting",
        "hash": "9a9054c766453f54cb31c2ef1ed18207"
    },
    {
        "key": "spine/physics/102/00/cover",
        "hash": "497522061c388164f8dfaf6d07248c2d"
    },
    {
        "key": "spine/physics/102/01/aim",
        "hash": "014fc18eff1702044baa126710e175af"
    },
    {
        "key": "spine/physics/102/01/aim-shooting",
        "hash": "016dea1b05f464644a16299dcc31ca83"
    },
    {
        "key": "spine/physics/102/01/cover",
        "hash": "5b01a3799ab63b0468286ad697479b7e"
    },
    {
        "key": "spine/physics/110/00/aim",
        "hash": "967e8d1620092fb43a1fc40d0de21200"
    },
    {
        "key": "spine/physics/110/00/aim-shooting",
        "hash": "260845c89efa58645a54ae2db84ced8b"
    },
    {
        "key": "spine/physics/110/00/cover",
        "hash": "a301003993803dc468047371709934bc"
    },
    {
        "key": "spine/physics/111/00/aim",
        "hash": "c23bd977a7ae5dc42823611307d636d5"
    },
    {
        "key": "spine/physics/111/00/aim-shooting",
        "hash": "3c41691d21738374995bba6231513e0f"
    },
    {
        "key": "spine/physics/111/00/cover",
        "hash": "53bdd6cc52db6ea45b9e30a47c77439e"
    },
    {
        "key": "spine/physics/112/00/aim",
        "hash": "61736b0287870414bad0ddd561762c89"
    },
    {
        "key": "spine/physics/112/00/aim-shooting",
        "hash": "fbf95d946654ef2408cc72a76b94208d"
    },
    {
        "key": "spine/physics/112/00/cover",
        "hash": "165a409b4efcc2f48907ea2c5867f602"
    },
    {
        "key": "spine/physics/112/01/aim",
        "hash": "0340250ae3b1b5e43a22126bd35383cf"
    },
    {
        "key": "spine/physics/112/01/aim-shooting",
        "hash": "72d41aa10db8273438dc2221a00586c5"
    },
    {
        "key": "spine/physics/112/01/cover",
        "hash": "bfbbfa76ec66ea046afb459e25116be0"
    },
    {
        "key": "spine/physics/112/02/aim",
        "hash": "fd0a0c7cd1eeed646903f76dac6e8103"
    },
    {
        "key": "spine/physics/112/02/aim-shooting",
        "hash": "5463ee1a6f1d72644be8e96b20abe819"
    },
    {
        "key": "spine/physics/112/02/cover",
        "hash": "6d1132f733cf17a40a80b0ae906d8ac1"
    },
    {
        "key": "spine/physics/120/00/aim",
        "hash": "17fe6c0d488e88c49a65f9900625b5ad"
    },
    {
        "key": "spine/physics/120/00/aim-shooting",
        "hash": "6af8b0d408cba544f89c5b09a465dbb7"
    },
    {
        "key": "spine/physics/120/00/cover",
        "hash": "a4e77eae2fd9f7e4899f61db500211f7"
    },
    {
        "key": "spine/physics/121/00/aim",
        "hash": "f59ea3bf3aa6d0e4e92dff1fe39833d4"
    },
    {
        "key": "spine/physics/121/00/aim-shooting",
        "hash": "ea0044e3a1445714f86104b3f1c3ee13"
    },
    {
        "key": "spine/physics/121/00/cover",
        "hash": "8cf39b3367c8d684fb3311b25b348aa5"
    },
    {
        "key": "spine/physics/130/00/aim",
        "hash": "c79ca7dd9dc025a408189c110f9bcf4a"
    },
    {
        "key": "spine/physics/130/00/aim-shooting",
        "hash": "bf55b7882f66d204889e2cd561aed758"
    },
    {
        "key": "spine/physics/130/00/cover",
        "hash": "f83ca51822757ab4ca4a740298c8b8bc"
    },
    {
        "key": "spine/physics/130/01/aim",
        "hash": "8bf02a6e2693d544ea49e52e18f3dccf"
    },
    {
        "key": "spine/physics/130/01/aim-shooting",
        "hash": "a55c1323eb588ed44b8068c6f5a289c0"
    },
    {
        "key": "spine/physics/130/01/cover",
        "hash": "40fbe330bfa07a24a85e8c2593b4129a"
    },
    {
        "key": "spine/physics/131/00/aim",
        "hash": "9a528f085d66c794291a0c3e4f986a41"
    },
    {
        "key": "spine/physics/131/00/aim-shooting",
        "hash": "e0b62e286577d7b4a8f8151d75d1513c"
    },
    {
        "key": "spine/physics/131/00/cover",
        "hash": "56511c93418b98b478b24babb71ade3b"
    },
    {
        "key": "spine/physics/131/01/aim",
        "hash": "1c2d96c6a38724a41936bc5f69f1cc09"
    },
    {
        "key": "spine/physics/131/01/aim-shooting",
        "hash": "3b8fe5c003571964b8cc22725d34d7f5"
    },
    {
        "key": "spine/physics/131/01/cover",
        "hash": "f36a6448cbeff224b88456fb1a4391ed"
    },
    {
        "key": "spine/physics/132/00/aim",
        "hash": "bf450443389108c428c5333640581736"
    },
    {
        "key": "spine/physics/132/00/aim-shooting",
        "hash": "44f1fc8e53e8a8e41ad7e0e47bc4d026"
    },
    {
        "key": "spine/physics/132/00/cover",
        "hash": "fcb757d6de5e17e46b86281bd76e18b1"
    },
    {
        "key": "spine/physics/140/00/aim",
        "hash": "4f744bc56b169c04488747b623da139b"
    },
    {
        "key": "spine/physics/140/00/aim-shooting",
        "hash": "020ab54092fd0d24391c882e4059ebff"
    },
    {
        "key": "spine/physics/140/00/cover",
        "hash": "d3f2b39b2a4436841bedcbfb7cc42896"
    },
    {
        "key": "spine/physics/140/01/aim",
        "hash": "3c3f2919927b6224cb5270be95e60ffe"
    },
    {
        "key": "spine/physics/140/01/aim-shooting",
        "hash": "5517ad09bf591874aba1ea44c97c7a85"
    },
    {
        "key": "spine/physics/140/01/cover",
        "hash": "682f1afa4ea435945827dac27b9212d4"
    },
    {
        "key": "spine/physics/140/02/aim",
        "hash": "bc2c3dcba1aadcf4d84a9b89531b7581"
    },
    {
        "key": "spine/physics/140/02/aim-shooting",
        "hash": "268cc49b3c3008b48bf2f84101d73ac0"
    },
    {
        "key": "spine/physics/140/02/cover",
        "hash": "1ffb3c0027f1b294f86dcc4e59966be0"
    },
    {
        "key": "spine/physics/141/00/aim",
        "hash": "c0bd1ab9ca0979b45991b93d16c988ac"
    },
    {
        "key": "spine/physics/141/00/aim-shooting",
        "hash": "89ab8e651d36df0479f8f15a27a123dc"
    },
    {
        "key": "spine/physics/141/00/cover",
        "hash": "dcc91aaac0c32324ab1e2db8de6e46a4"
    },
    {
        "key": "spine/physics/141/01/aim",
        "hash": "219edbf49fff2cd429213893cb94431a"
    },
    {
        "key": "spine/physics/141/01/aim-shooting",
        "hash": "506cd68406f458742b6a30ab66316db5"
    },
    {
        "key": "spine/physics/141/01/cover",
        "hash": "0d3a2c11c37e20a449927cfc67b839be"
    },
    {
        "key": "spine/physics/142/00/aim",
        "hash": "3146a047a2207594a949f6a1103b3c32"
    },
    {
        "key": "spine/physics/142/00/aim-shooting",
        "hash": "6ffc7cc2be5b89b42bdd5e0acc42b0c8"
    },
    {
        "key": "spine/physics/142/00/cover",
        "hash": "70846a51fc68603448dc3a72c6d3076d"
    },
    {
        "key": "spine/physics/142/01/aim",
        "hash": "d6714d60ec48be1478ee4436a0487b15"
    },
    {
        "key": "spine/physics/142/01/aim-shooting",
        "hash": "a4b153157942fd7488e1dc2e1789c065"
    },
    {
        "key": "spine/physics/142/01/cover",
        "hash": "7514402160a13bf4d8295088f9431ed4"
    },
    {
        "key": "spine/physics/150/00/aim",
        "hash": "6262d58167e18b9428e08fbe45237a99"
    },
    {
        "key": "spine/physics/150/00/aim-shooting",
        "hash": "2c872fc2328be5e489ab9a9504900862"
    },
    {
        "key": "spine/physics/150/00/cover",
        "hash": "6cbb52dc4811eb94c9633461e366ccc9"
    },
    {
        "key": "spine/physics/150/01/aim",
        "hash": "9d947bb4fbb626c4e900f051549a7615"
    },
    {
        "key": "spine/physics/150/01/aim-shooting",
        "hash": "7f41f49f7b1d5274184e70f23659bc63"
    },
    {
        "key": "spine/physics/150/01/cover",
        "hash": "eb000719a661d3a4d8c0b4faa1155f73"
    },
    {
        "key": "spine/physics/151/00/aim",
        "hash": "ee11d01f6e0a19a43bb6c9ebea198e35"
    },
    {
        "key": "spine/physics/151/00/aim-shooting",
        "hash": "62048aa5528b3c54dbfb3218bedeca32"
    },
    {
        "key": "spine/physics/151/00/cover",
        "hash": "4233202104533ff4b9756436d0b933dc"
    },
    {
        "key": "spine/physics/152/00/aim",
        "hash": "768464416a8dcdc419b00b05b324cba7"
    },
    {
        "key": "spine/physics/152/00/aim-shooting",
        "hash": "6ebaea9a72710aa4f93fbb70ded5f35d"
    },
    {
        "key": "spine/physics/152/00/cover",
        "hash": "043a34db88817e041ad2e97b66845647"
    },
    {
        "key": "spine/physics/160/00/aim",
        "hash": "102b8fa27c5b0c647a420ea443217254"
    },
    {
        "key": "spine/physics/160/00/aim-shooting",
        "hash": "10aaeadfc2904064a8dca0adb43f2b5a"
    },
    {
        "key": "spine/physics/160/00/cover",
        "hash": "1862fbeb1a5f42f4f9334b1fc218378e"
    },
    {
        "key": "spine/physics/160/01/aim",
        "hash": "c73f2953c2b89f14eab8f5c39dfc3f1b"
    },
    {
        "key": "spine/physics/160/01/aim-shooting",
        "hash": "d016c390a42564441aa78f960d887864"
    },
    {
        "key": "spine/physics/160/01/cover",
        "hash": "0c35b051f42069f4e849d8ac45b972cb"
    },
    {
        "key": "spine/physics/161/00/aim",
        "hash": "422b7cbc22e63be4885c66c41bbf2005"
    },
    {
        "key": "spine/physics/161/00/aim-shooting",
        "hash": "525d34ac369ffdb4d8c5a3ee1b0f57e1"
    },
    {
        "key": "spine/physics/161/00/cover",
        "hash": "a857cfae064f36d44b98ef0bbda47726"
    },
    {
        "key": "spine/physics/170/00/aim",
        "hash": "a0629ff8c26fc5e4da8096fb5d5c7b75"
    },
    {
        "key": "spine/physics/170/00/aim-shooting",
        "hash": "3010cf03fc910eb4cb52a2f317537b89"
    },
    {
        "key": "spine/physics/170/00/cover",
        "hash": "fd37b429477a0a740b45da4a5ec2a49b"
    },
    {
        "key": "spine/physics/170/01/aim",
        "hash": "46f56c870fe01b440b61e3976382a6a6"
    },
    {
        "key": "spine/physics/170/01/aim-shooting",
        "hash": "559ee7ad049f2c84bb8f528ace08854c"
    },
    {
        "key": "spine/physics/170/01/cover",
        "hash": "c8644f48f48a3c541a805d68a536d5ed"
    },
    {
        "key": "spine/physics/170/02/aim",
        "hash": "ff64d32cef2acf3408dd96dfab66fd97"
    },
    {
        "key": "spine/physics/170/02/aim-shooting",
        "hash": "811b62c4e7f517a45b815e37d1a0f8b1"
    },
    {
        "key": "spine/physics/170/02/cover",
        "hash": "f59bec9d90d74704f8f06105111446a6"
    },
    {
        "key": "spine/physics/171/00/aim",
        "hash": "654b3181950ccc64498514ff569ad728"
    },
    {
        "key": "spine/physics/171/00/aim-shooting",
        "hash": "9160bddb9303e7d46bfc9acabf2c035c"
    },
    {
        "key": "spine/physics/171/00/cover",
        "hash": "d7d0c1e8892aedc49943476bac466ec7"
    },
    {
        "key": "spine/physics/172/00/aim",
        "hash": "838f1a39ff3ddb642954fb76f0067312"
    },
    {
        "key": "spine/physics/172/00/aim-shooting",
        "hash": "cd54543696787274e8086fb4cf42daad"
    },
    {
        "key": "spine/physics/172/00/cover",
        "hash": "cf9908bbae094c44ea7455745a84883a"
    },
    {
        "key": "spine/physics/180/00/aim",
        "hash": "53c8d1af01145904c9e640aa05cd7a55"
    },
    {
        "key": "spine/physics/180/00/aim-shooting",
        "hash": "baa984347dce87e469800c1a56415123"
    },
    {
        "key": "spine/physics/180/00/cover",
        "hash": "b46e4acfa5d6dc64f9068bb4dd1be259"
    },
    {
        "key": "spine/physics/180/01/aim",
        "hash": "dca143ba226d76947ac33b9258c97cd7"
    },
    {
        "key": "spine/physics/180/01/aim-shooting",
        "hash": "af52fc4143d365d4bb16811e584f9ee5"
    },
    {
        "key": "spine/physics/180/01/cover",
        "hash": "11e1e7654d27ecd48be4afc4a5d7ac65"
    },
    {
        "key": "spine/physics/181/00/aim",
        "hash": "8b9651ed4e1fb864091ce9dc7b51b886"
    },
    {
        "key": "spine/physics/181/00/aim-shooting",
        "hash": "7121406876caf0f41b4d7918c1d420b1"
    },
    {
        "key": "spine/physics/181/00/cover",
        "hash": "0e005685b5a25454b9678c57cb00d47f"
    },
    {
        "key": "spine/physics/181/01/aim",
        "hash": "f8f6c14ab98596549a2d2fe421f6e0f3"
    },
    {
        "key": "spine/physics/181/01/aim-shooting",
        "hash": "fd3fc9e2c2a45ce41a97b925579fb80a"
    },
    {
        "key": "spine/physics/181/01/cover",
        "hash": "b85a74108ad68e1469e6daa3969bb1af"
    },
    {
        "key": "spine/physics/181/02/aim",
        "hash": "d5cb098fae4859d44bfe5c207c7aa824"
    },
    {
        "key": "spine/physics/181/02/aim-shooting",
        "hash": "3bcc87b0deaefc0479ded55bd71bb0eb"
    },
    {
        "key": "spine/physics/181/02/cover",
        "hash": "5b0c3ea7fb43e86478afcf4b7d13ffc0"
    },
    {
        "key": "spine/physics/182/00/aim",
        "hash": "0496aca13b17e494094a671be307f421"
    },
    {
        "key": "spine/physics/182/00/aim-shooting",
        "hash": "2a186a9c18f9fcf439bddb6af2dbd99d"
    },
    {
        "key": "spine/physics/182/00/cover",
        "hash": "7972857d546e57945b6c97368fce4d96"
    },
    {
        "key": "spine/physics/183/00/aim",
        "hash": "c0efeb80f310e0d4d832bccb7cdbae70"
    },
    {
        "key": "spine/physics/183/00/aim-shooting",
        "hash": "bc5e40ad8d82a714a828e49e7dee3ff8"
    },
    {
        "key": "spine/physics/183/00/cover",
        "hash": "2332df2d98f93fe4498b1c547c4b1b76"
    },
    {
        "key": "spine/physics/190/00/aim",
        "hash": "716b2299e13fab048860e868dfbe6886"
    },
    {
        "key": "spine/physics/190/00/aim-shooting",
        "hash": "e70db2be358d1514a8670214b8ee94a8"
    },
    {
        "key": "spine/physics/190/00/cover",
        "hash": "f26483d48b64a4b48895e59800222a56"
    },
    {
        "key": "spine/physics/191/00/aim",
        "hash": "3ea323bc93b1ec94dafd83cba477ee7d"
    },
    {
        "key": "spine/physics/191/00/aim-shooting",
        "hash": "d2c551b2c4c3e034f9c568232568fa1e"
    },
    {
        "key": "spine/physics/191/00/cover",
        "hash": "0439772386ed46c45ad4eeaf74eed59d"
    },
    {
        "key": "spine/physics/191/01/aim",
        "hash": "b9b1ffa5271fce54d85bbeeb0b77dcfe"
    },
    {
        "key": "spine/physics/191/01/aim-shooting",
        "hash": "b6e8f8d72931d5c49a602554c1fffc28"
    },
    {
        "key": "spine/physics/191/01/cover",
        "hash": "6193ebdb2284f6f428cdc58a15efb346"
    },
    {
        "key": "spine/physics/192/00/aim",
        "hash": "e64c22bb53d5bf54fb947f19c6bb7ce2"
    },
    {
        "key": "spine/physics/192/00/aim-shooting",
        "hash": "a193cdf4d1b591944a1ae119cb81daee"
    },
    {
        "key": "spine/physics/192/00/cover",
        "hash": "f391173fbcf340b44a1bd5086172c4cb"
    },
    {
        "key": "spine/physics/192/01/aim",
        "hash": "b8c2c8c1133950a438349efa8c3e340b"
    },
    {
        "key": "spine/physics/192/01/aim-shooting",
        "hash": "6d5e7dc022c2701488b293917f7aad70"
    },
    {
        "key": "spine/physics/192/01/cover",
        "hash": "bb4e58a7ad2d26d44957e3ca9c1c37b4"
    },
    {
        "key": "spine/physics/193/00/aim",
        "hash": "a932f82f9bbe7c2499e08d401d5659be"
    },
    {
        "key": "spine/physics/193/00/aim-shooting",
        "hash": "eade16e42f312264c81a3236044945e9"
    },
    {
        "key": "spine/physics/193/00/cover",
        "hash": "b17eff9c684c02e46937a90825416a15"
    },
    {
        "key": "spine/physics/194/00/aim",
        "hash": "0395dec8b12f31c4a965f105faf76891"
    },
    {
        "key": "spine/physics/194/00/aim-shooting",
        "hash": "9bf3f87000e87b84cae36c5b6dcbc547"
    },
    {
        "key": "spine/physics/194/00/cover",
        "hash": "810e24754139f5d44b44e6399d88f22e"
    },
    {
        "key": "spine/physics/195/00/aim",
        "hash": "5a0a6ffe87c7196469b2679b61824d3b"
    },
    {
        "key": "spine/physics/195/00/aim-shooting",
        "hash": "dde54dbbce99b704a8f012dbd0c3856e"
    },
    {
        "key": "spine/physics/195/00/cover",
        "hash": "f91c41755b052ff40acb33081225bb22"
    },
    {
        "key": "spine/physics/200/00/aim",
        "hash": "3992c58e54c1be8488b4c25631aabc5f"
    },
    {
        "key": "spine/physics/200/00/aim-shooting",
        "hash": "288505480ac5fc64aaab11309f53d410"
    },
    {
        "key": "spine/physics/200/00/cover",
        "hash": "3f21f92a06b570346a441080ca2d91b7"
    },
    {
        "key": "spine/physics/200/01/aim",
        "hash": "507967742c7e02d4fb9c585287ce1967"
    },
    {
        "key": "spine/physics/200/01/aim-shooting",
        "hash": "554da73f6fd571842abcdf1e9fe9f99c"
    },
    {
        "key": "spine/physics/200/01/cover",
        "hash": "eda9ffcaebf281d4aaa4edba9130aa38"
    },
    {
        "key": "spine/physics/201/00/aim",
        "hash": "25a2a69f34f6bdc4db182d761aaa93a6"
    },
    {
        "key": "spine/physics/201/00/aim-shooting",
        "hash": "2072709ab61ec7242b0a125b9d2bae1d"
    },
    {
        "key": "spine/physics/201/00/cover",
        "hash": "9b384968859987d46b679d9827e6263e"
    },
    {
        "key": "spine/physics/201/01/aim",
        "hash": "e2129db0408a8cd419fb5ee1c39b13ab"
    },
    {
        "key": "spine/physics/201/01/aim-shooting",
        "hash": "08ddbb36b9b59c64c88d5cdd76c3c968"
    },
    {
        "key": "spine/physics/201/01/cover",
        "hash": "9a762261fd3af664a8ee1f728482c66f"
    },
    {
        "key": "spine/physics/202/00/aim",
        "hash": "964559355dc0519498450f2753074722"
    },
    {
        "key": "spine/physics/202/00/aim-shooting",
        "hash": "b79cae15d98a78040a30382cb8387385"
    },
    {
        "key": "spine/physics/202/00/cover",
        "hash": "2d4e83100f2d8eb45963170729e78b82"
    },
    {
        "key": "spine/physics/202/01/aim",
        "hash": "4889f4e358a97da4d851a64c0f069f5a"
    },
    {
        "key": "spine/physics/202/01/aim-shooting",
        "hash": "050519b8c50d29a41b2eea367104b65d"
    },
    {
        "key": "spine/physics/202/01/cover",
        "hash": "173959a829b17ef4d98ceaa5e1a5a2c3"
    },
    {
        "key": "spine/physics/203/00/aim",
        "hash": "4f7b1bffefdfcbe4da5c7c12342acbdb"
    },
    {
        "key": "spine/physics/203/00/aim-shooting",
        "hash": "67c2d53bb3adf47418c1a1095efe6436"
    },
    {
        "key": "spine/physics/203/00/cover",
        "hash": "3a45f93679f88a04a9e248cc43c57c92"
    },
    {
        "key": "spine/physics/210/00/aim",
        "hash": "0c78b7ec73ae96d4fa91fa760b83cc8a"
    },
    {
        "key": "spine/physics/210/00/aim-shooting",
        "hash": "27d7c78f9d17b904c8210b401a784200"
    },
    {
        "key": "spine/physics/210/00/cover",
        "hash": "c47df63a1f4624f4282d3886d89931a1"
    },
    {
        "key": "spine/physics/210/01/aim",
        "hash": "e1994c5e3bff90e44909d0fed86fc0cd"
    },
    {
        "key": "spine/physics/210/01/aim-shooting",
        "hash": "d50cc53252dcd354a8af35c314e5c37b"
    },
    {
        "key": "spine/physics/210/01/cover",
        "hash": "61c871fbbe6254a42b4a8e4d5c3d5afa"
    },
    {
        "key": "spine/physics/210/02/aim",
        "hash": "b9f45a98ee792954eb5ead229b02a2d9"
    },
    {
        "key": "spine/physics/210/02/aim-shooting",
        "hash": "36c5a364a3b68b74594a56160ce245b5"
    },
    {
        "key": "spine/physics/210/02/cover",
        "hash": "22a848dd2253e934d8cac2b43bb85309"
    },
    {
        "key": "spine/physics/212/00/aim",
        "hash": "59af27f668cdeee428ee29c04c82dcaa"
    },
    {
        "key": "spine/physics/212/00/aim-shooting",
        "hash": "814ac45d7071a7f44b8670944cf0ed3c"
    },
    {
        "key": "spine/physics/212/00/cover",
        "hash": "ccd04ab0eea02e747a384f2893f619e7"
    },
    {
        "key": "spine/physics/212/01/aim",
        "hash": "3aa1430733c50ff449ed0ca9149b0971"
    },
    {
        "key": "spine/physics/212/01/aim-shooting",
        "hash": "7755bd37dc3e8cb42a32914f1b8cf73b"
    },
    {
        "key": "spine/physics/212/01/cover",
        "hash": "87eed6622e8a2f045b42935d7b1b3c91"
    },
    {
        "key": "spine/physics/212/02/aim",
        "hash": "157c0afef0a033f4b84ba4df0ab5db98"
    },
    {
        "key": "spine/physics/212/02/aim-shooting",
        "hash": "1a263915bfc4fef40aba77f4c960e470"
    },
    {
        "key": "spine/physics/212/02/cover",
        "hash": "d6ed72ae3c066e34ea8d5780a5b061f3"
    },
    {
        "key": "spine/physics/217/00/aim",
        "hash": "9c3863fd26b26fb40a03f8c5a2c00dec"
    },
    {
        "key": "spine/physics/217/00/cover",
        "hash": "38625433e230f1e4a9b59cb5804abf5e"
    },
    {
        "key": "spine/physics/220/00/aim",
        "hash": "273ad40900d3796498e73b85e64e57bc"
    },
    {
        "key": "spine/physics/220/00/aim-shooting",
        "hash": "77ed7ae810e7ae741b287ff866788661"
    },
    {
        "key": "spine/physics/220/00/cover",
        "hash": "2498fdfbc1e60a94182cdd14cf1742e7"
    },
    {
        "key": "spine/physics/220/01/aim",
        "hash": "09b502ec9866de740a3347441589c0df"
    },
    {
        "key": "spine/physics/220/01/aim-shooting",
        "hash": "2548fdb17fba5a74c9a7a50e38200f63"
    },
    {
        "key": "spine/physics/220/01/cover",
        "hash": "53ef48352701ee64a8a8e7c782dffbd5"
    },
    {
        "key": "spine/physics/221/00/aim",
        "hash": "0d8fc0d1a29ec734eac9ec37ad34772c"
    },
    {
        "key": "spine/physics/221/00/aim-shooting",
        "hash": "12cf7d07c46ac9d488850c54e4f5e9b9"
    },
    {
        "key": "spine/physics/221/00/cover",
        "hash": "15c997b858a194a4a860bd8579caf70a"
    },
    {
        "key": "spine/physics/222/00/aim",
        "hash": "e77afca6007644b44a697f1124e417f5"
    },
    {
        "key": "spine/physics/222/00/aim-shooting",
        "hash": "12b1e65591fd0384b91808e9ebdeb44e"
    },
    {
        "key": "spine/physics/222/00/cover",
        "hash": "7c811d5afce167e4c85da711ad9c2d33"
    },
    {
        "key": "spine/physics/223/00/aim",
        "hash": "bb1759c7a14fa7847bc9a444ca8efe83"
    },
    {
        "key": "spine/physics/223/00/aim-shooting",
        "hash": "7ad19edccf87a4948ad45012bed844e6"
    },
    {
        "key": "spine/physics/223/00/cover",
        "hash": "47e425cd2a8adfc449b08fda827d5981"
    },
    {
        "key": "spine/physics/224/00/aim",
        "hash": "284918c0d58ec42449a66ac33724ea0a"
    },
    {
        "key": "spine/physics/224/00/aim-shooting",
        "hash": "6e1a7fdde3a6a4146b46528b9ad887ce"
    },
    {
        "key": "spine/physics/224/00/cover",
        "hash": "a43fd5a6933bd1d4f9437152708660c1"
    },
    {
        "key": "spine/physics/225/00/aim",
        "hash": "d1770620d012f9c44bca309e670098d6"
    },
    {
        "key": "spine/physics/225/00/aim-shooting",
        "hash": "9f3186a56f0241140b07c6b5077894db"
    },
    {
        "key": "spine/physics/225/00/cover",
        "hash": "ddee58eb0d90c7042bd864a3c2acb4f5"
    },
    {
        "key": "spine/physics/225/01/aim",
        "hash": "e0f6274ae3533114390475db9994e81a"
    },
    {
        "key": "spine/physics/225/01/aim-shooting",
        "hash": "731876b77476a204cbfa1eb018741317"
    },
    {
        "key": "spine/physics/225/01/cover",
        "hash": "2f69cc086e9a82f498f16009d09aac56"
    },
    {
        "key": "spine/physics/226/00/aim",
        "hash": "287e514bd7e1ace4da2fcc96cb92752a"
    },
    {
        "key": "spine/physics/226/00/aim-shooting",
        "hash": "e85285a6f97023241aeab741dfe63a9f"
    },
    {
        "key": "spine/physics/226/00/cover",
        "hash": "13155b8d24df1e3459d62d95e0550b10"
    },
    {
        "key": "spine/physics/230/00/aim",
        "hash": "4b39d545f1c4e5845a1f0c88a51b54a5"
    },
    {
        "key": "spine/physics/230/00/aim-shooting",
        "hash": "a8a8b7d1cb922c341bccb649d3bb1f2c"
    },
    {
        "key": "spine/physics/230/00/cover",
        "hash": "aed5011d032bb7f4eba8cfff19aafd09"
    },
    {
        "key": "spine/physics/230/01/aim",
        "hash": "495fdddb5599213438b896cd143681d1"
    },
    {
        "key": "spine/physics/230/01/aim-shooting",
        "hash": "0c3b70c3468e1264ea515fd6e9608b6d"
    },
    {
        "key": "spine/physics/230/01/cover",
        "hash": "4d9280b0ffdf2d94a80a6bb69d8cee24"
    },
    {
        "key": "spine/physics/231/00/aim",
        "hash": "68b4d41d08e0c6a43851acb009e13f4f"
    },
    {
        "key": "spine/physics/231/00/aim-shooting",
        "hash": "722b75323af04714cb2655f60ebe65a2"
    },
    {
        "key": "spine/physics/231/00/cover",
        "hash": "21fc15df14bc37e4a9aaaa9a57a4765d"
    },
    {
        "key": "spine/physics/231/01/aim",
        "hash": "15cb6526de5c6ae48be17f75f0851e04"
    },
    {
        "key": "spine/physics/231/01/aim-shooting",
        "hash": "1d901d01c067ccf43afb964a71a5acbc"
    },
    {
        "key": "spine/physics/231/01/cover",
        "hash": "bd83adc987356314f882f2eda124f064"
    },
    {
        "key": "spine/physics/232/00/aim",
        "hash": "f286c1d2d5c2f3d4a927ab9033224bed"
    },
    {
        "key": "spine/physics/232/00/aim-shooting",
        "hash": "1ef7cc3093e1139428d6050df913dfd0"
    },
    {
        "key": "spine/physics/232/00/cover",
        "hash": "05ecb4d6af17a9b4c8452c101cc3de72"
    },
    {
        "key": "spine/physics/233/00/aim",
        "hash": "a8aab7ce691c44e46a65eaa0488c6203"
    },
    {
        "key": "spine/physics/233/00/aim-shooting",
        "hash": "c4ab25d65acb6a94f9758daa3cc68015"
    },
    {
        "key": "spine/physics/233/00/cover",
        "hash": "936c97d4f23b2c14da1e97c112e70051"
    },
    {
        "key": "spine/physics/233/01/aim",
        "hash": "b49e3ec78f5597e4b873664103a7bba4"
    },
    {
        "key": "spine/physics/233/01/aim-shooting",
        "hash": "4376808a3d9383944825b42dbd5a93bb"
    },
    {
        "key": "spine/physics/233/01/cover",
        "hash": "9fc4fdfc18321b94e952a774d6a1e0dc"
    },
    {
        "key": "spine/physics/240/00/aim",
        "hash": "203aba68ee298c5469e6f13277d47971"
    },
    {
        "key": "spine/physics/240/00/aim-shooting",
        "hash": "b9901906644bc4b49969f8972ad76a95"
    },
    {
        "key": "spine/physics/240/00/cover",
        "hash": "bfe064aa70c8e08439fc524bd9f2f19d"
    },
    {
        "key": "spine/physics/241/00/aim",
        "hash": "a564bd9f386aa4c47895501ce6f7cd5c"
    },
    {
        "key": "spine/physics/241/00/aim-shooting",
        "hash": "0a4fdd10c948e00449284a25e7980fde"
    },
    {
        "key": "spine/physics/241/00/cover",
        "hash": "173544f8787d466429d2c2394a80e750"
    },
    {
        "key": "spine/physics/242/00/aim",
        "hash": "0db8718bdbfba4b40a5cdb3bf78ac990"
    },
    {
        "key": "spine/physics/242/00/aim-shooting",
        "hash": "7d9c824687b03434887c4d58a481d251"
    },
    {
        "key": "spine/physics/242/00/cover",
        "hash": "eb8be5b2261bd3c4bba923a04c59a7df"
    },
    {
        "key": "spine/physics/242/01/aim",
        "hash": "b9101ea6f01ac6a48a675644acf43160"
    },
    {
        "key": "spine/physics/242/01/aim-shooting",
        "hash": "241cff2eef3804b48a516696e35c7eb7"
    },
    {
        "key": "spine/physics/242/01/cover",
        "hash": "3a717a8c3a2add645bb9b50d83797f14"
    },
    {
        "key": "spine/physics/250/00/aim",
        "hash": "b345a6f8f1f3af848aa5a2c91119e198"
    },
    {
        "key": "spine/physics/250/00/cover",
        "hash": "c45bd0f416df01d47a6395bbf19ec050"
    },
    {
        "key": "spine/physics/251/00/aim",
        "hash": "16496b5a29774734d9e0ca033c26da85"
    },
    {
        "key": "spine/physics/251/00/cover",
        "hash": "6a853ad8415109e4da00d02ad8f276ae"
    },
    {
        "key": "spine/physics/252/00/aim",
        "hash": "1170a2f1214502840bbab7e5a1912af8"
    },
    {
        "key": "spine/physics/252/00/cover",
        "hash": "df705b8339c3ed84395119838f859595"
    },
    {
        "key": "spine/physics/253/00/aim",
        "hash": "244322f5dcc7add439ae6ee1310507ee"
    },
    {
        "key": "spine/physics/253/00/cover",
        "hash": "8c3dd1e82578a324b9c9267e370eb53a"
    },
    {
        "key": "spine/physics/254/00/aim",
        "hash": "2b759ed44ada76941a0aee6790f69ff6"
    },
    {
        "key": "spine/physics/254/00/cover",
        "hash": "d4c21f579e05cb34788560cdca4e388b"
    },
    {
        "key": "spine/physics/255/00/aim",
        "hash": "23e9903e69fad8d4cb376db7dfb806f8"
    },
    {
        "key": "spine/physics/255/00/cover",
        "hash": "5de9a27cd94f3bb4cbb12c78a8e9ad6f"
    },
    {
        "key": "spine/physics/260/00/aim",
        "hash": "470cb45def0100b41a6ea369a9e32bbc"
    },
    {
        "key": "spine/physics/260/00/aim-shooting",
        "hash": "1820ee5c995737b45a87e149fe67a227"
    },
    {
        "key": "spine/physics/260/00/cover",
        "hash": "a024176fe2ad4174b81204cb75b6c7bd"
    },
    {
        "key": "spine/physics/260/01/aim",
        "hash": "bde93ad3a713c1749898343c4db8a518"
    },
    {
        "key": "spine/physics/260/01/aim-shooting",
        "hash": "dad7d57fd1a14274b9e8ae224d1b1b86"
    },
    {
        "key": "spine/physics/260/01/cover",
        "hash": "fcc402452fda2e04bb3a83d64cfd381d"
    },
    {
        "key": "spine/physics/260/02/aim",
        "hash": "8f8d18202e1cd5b409d4b02f7b6aa733"
    },
    {
        "key": "spine/physics/260/02/aim-shooting",
        "hash": "88e4e463f65465e448f7f29f82e3397e"
    },
    {
        "key": "spine/physics/260/02/cover",
        "hash": "fcac9cf8ee2f0f346b346a8109c5b476"
    },
    {
        "key": "spine/physics/261/00/aim",
        "hash": "3c52a5b8d85804a42a7f4e809cb9aa96"
    },
    {
        "key": "spine/physics/261/00/aim-shooting",
        "hash": "9b9e1fa5024061e46bf9da8cbefd0c91"
    },
    {
        "key": "spine/physics/261/00/cover",
        "hash": "070efacd31ce6094e86e18b0231c7416"
    },
    {
        "key": "spine/physics/262/00/aim",
        "hash": "52574afa399c0bf4290ae8c99f8c588c"
    },
    {
        "key": "spine/physics/262/00/aim-shooting",
        "hash": "0162d590dc577054784cdba62c0bf09d"
    },
    {
        "key": "spine/physics/262/00/cover",
        "hash": "c0764bc72b8cac8489fb1e0dd8ec2d55"
    },
    {
        "key": "spine/physics/270/00/aim",
        "hash": "472201961ebd41c44b875b1e3ef06ea2"
    },
    {
        "key": "spine/physics/270/00/aim-shooting",
        "hash": "1677261cae5456f44837b98b491ee763"
    },
    {
        "key": "spine/physics/270/00/cover",
        "hash": "8fa77eaa4fb0d7446bf9d9a4dd07bb8a"
    },
    {
        "key": "spine/physics/270/01/aim",
        "hash": "7a524b22ee2f7e14c8ec67ecdd1e0d5e"
    },
    {
        "key": "spine/physics/270/01/aim-shooting",
        "hash": "669e9c47a37ff8044b03f9cf93fb79fb"
    },
    {
        "key": "spine/physics/270/01/cover",
        "hash": "54521bca7a272a449bdbf8e9e7369b05"
    },
    {
        "key": "spine/physics/271/00/aim",
        "hash": "43684e022bea92e4d84d379f38f98d86"
    },
    {
        "key": "spine/physics/271/00/aim-shooting",
        "hash": "254fbae441f78d14fbc4173a75f96c76"
    },
    {
        "key": "spine/physics/271/00/cover",
        "hash": "362f7bc400ddf804191ff8eaf8e70bba"
    },
    {
        "key": "spine/physics/271/01/aim",
        "hash": "51595914dc382b942a2c40bcbe596b66"
    },
    {
        "key": "spine/physics/271/01/aim-shooting",
        "hash": "9109702bb6e243540b0bfe7dbd67105b"
    },
    {
        "key": "spine/physics/271/01/cover",
        "hash": "507a869337dfae04eb592ec09a8dde33"
    },
    {
        "key": "spine/physics/272/00/aim",
        "hash": "fed681a320c99fc45a558b4c352a78f0"
    },
    {
        "key": "spine/physics/272/00/aim-shooting",
        "hash": "294f5b134040f7149850d8ed57795d25"
    },
    {
        "key": "spine/physics/272/00/cover",
        "hash": "1bd9ad4bb14b06042a1d7024efd92c15"
    },
    {
        "key": "spine/physics/280/00/aim",
        "hash": "41be7bf99a1e9684d8384f68914cb685"
    },
    {
        "key": "spine/physics/280/00/aim-shooting",
        "hash": "153ec0105b6cbbe4ba3ea3fc64abbb56"
    },
    {
        "key": "spine/physics/280/00/cover",
        "hash": "83665128db74dc44ab37cfc2ef616d47"
    },
    {
        "key": "spine/physics/280/01/aim",
        "hash": "49050a4b9c914374180e7b84de296254"
    },
    {
        "key": "spine/physics/280/01/aim-shooting",
        "hash": "63078b7c70c5e8347b5a81cbfc1c787d"
    },
    {
        "key": "spine/physics/280/01/cover",
        "hash": "cad0c3556475b5d4cbebf788055636c2"
    },
    {
        "key": "spine/physics/281/00/aim",
        "hash": "ed047a14f7cc9e7449395bac4062804e"
    },
    {
        "key": "spine/physics/281/00/aim-shooting",
        "hash": "b262df9028bc9b74a9497751f1e94d42"
    },
    {
        "key": "spine/physics/281/00/cover",
        "hash": "ebb245bc710d6534482a4297f166ac3a"
    },
    {
        "key": "spine/physics/282/00/aim",
        "hash": "98b26111c245a4549924b53857adb5ee"
    },
    {
        "key": "spine/physics/282/00/aim-shooting",
        "hash": "f208f840474fce14d879b62ccef5b604"
    },
    {
        "key": "spine/physics/282/00/cover",
        "hash": "5a52b3d1f7f54924aa3d5be8377c3080"
    },
    {
        "key": "spine/physics/282/01/aim",
        "hash": "5d402d053c6858b4abd539646815c6b3"
    },
    {
        "key": "spine/physics/282/01/aim-shooting",
        "hash": "739e6f778469e8c41ab5d8b52a2b8d12"
    },
    {
        "key": "spine/physics/282/01/cover",
        "hash": "99b044b309cb17e45b2911230a192c05"
    },
    {
        "key": "spine/physics/283/00/aim",
        "hash": "eee6b2325a3447a47abc56f5a7f83922"
    },
    {
        "key": "spine/physics/283/00/aim-shooting",
        "hash": "e771f83e766b57b48ab5750ee28c31f8"
    },
    {
        "key": "spine/physics/283/00/cover",
        "hash": "10f99774ee6a6624e8fc4f524f627a09"
    },
    {
        "key": "spine/physics/284/00/aim",
        "hash": "46f45d342980a994abb08519293e8d8d"
    },
    {
        "key": "spine/physics/284/00/aim-shooting",
        "hash": "6fa06c77915b73e45a29250ff62805e4"
    },
    {
        "key": "spine/physics/284/00/cover",
        "hash": "067dd9f44dac99a478c1d381fd241ab2"
    },
    {
        "key": "spine/physics/290/00/aim",
        "hash": "3008796581768f144888f72e30245f42"
    },
    {
        "key": "spine/physics/290/00/aim-shooting",
        "hash": "79efd72df5969b84eb52ea1b6d46daa2"
    },
    {
        "key": "spine/physics/290/00/cover",
        "hash": "b5bb5a244c7893f499dc736248f27042"
    },
    {
        "key": "spine/physics/291/00/aim",
        "hash": "4652f1ce2ce80fc46b2382bfb2db0cdb"
    },
    {
        "key": "spine/physics/291/00/aim-shooting",
        "hash": "0e91b4ad95bd30e46b8c04e72bf07d9c"
    },
    {
        "key": "spine/physics/291/00/cover",
        "hash": "eee90764578e2c34d9283087a19639e3"
    },
    {
        "key": "spine/physics/292/00/aim",
        "hash": "668ed73ef39b1004c952f9171d3fe5ca"
    },
    {
        "key": "spine/physics/292/00/aim-shooting",
        "hash": "ece1950163ce14e48bf82d6964ff74cd"
    },
    {
        "key": "spine/physics/292/00/cover",
        "hash": "7e53499ee2c22974494be48cbf1ed6fb"
    },
    {
        "key": "spine/physics/300/00/aim",
        "hash": "a573a0a92a5bff94caffa579e46ced02"
    },
    {
        "key": "spine/physics/300/00/aim-shooting",
        "hash": "b2d7859a8ba73f44fbf0b506be58d763"
    },
    {
        "key": "spine/physics/300/00/cover",
        "hash": "d1192b233446bc6449ff1b229fb0e9fb"
    },
    {
        "key": "spine/physics/301/00/aim",
        "hash": "081016ac50908184fabe85debea65162"
    },
    {
        "key": "spine/physics/301/00/aim-shooting",
        "hash": "3667139a1bee74248af1d569bb0695f0"
    },
    {
        "key": "spine/physics/301/00/cover",
        "hash": "c9e479d4b789ac84d9994bafbf4daad8"
    },
    {
        "key": "spine/physics/302/00/aim",
        "hash": "1315e4ce8897f5a46b0e472ae74ecfb5"
    },
    {
        "key": "spine/physics/302/00/aim-shooting",
        "hash": "b20046e38016b754f99f32f881b98d46"
    },
    {
        "key": "spine/physics/302/00/cover",
        "hash": "6382756e81c312b4e9774c87e9921ebe"
    },
    {
        "key": "spine/physics/303/00/aim",
        "hash": "10c67c88e39377148a1946d5809e1849"
    },
    {
        "key": "spine/physics/303/00/aim-shooting",
        "hash": "c12959a3bc9f44a418ceb31acbfa1c9a"
    },
    {
        "key": "spine/physics/303/00/cover",
        "hash": "501fd61e3d0e9a14693e9b3d59278700"
    },
    {
        "key": "spine/physics/304/00/aim",
        "hash": "5b1bde6e58c4542438c637c84f022839"
    },
    {
        "key": "spine/physics/304/00/aim-shooting",
        "hash": "5f8ce645fb9807047a4bce3d991748ef"
    },
    {
        "key": "spine/physics/304/00/cover",
        "hash": "1daf770cc3ef59048aff0970b93239a5"
    },
    {
        "key": "spine/physics/305/00/aim",
        "hash": "28fb255becd10e14e9d61bbfeea4dcaa"
    },
    {
        "key": "spine/physics/305/00/aim-shooting",
        "hash": "218c64e5352c5c64897b05a19db986da"
    },
    {
        "key": "spine/physics/305/00/cover",
        "hash": "f28621c497f28a54babf042f34a356b2"
    },
    {
        "key": "spine/physics/306/00/aim",
        "hash": "69c92f4a441115f47817bdff484afa18"
    },
    {
        "key": "spine/physics/306/00/aim-shooting",
        "hash": "30a3cf12c7212b0489955b128e079772"
    },
    {
        "key": "spine/physics/306/00/cover",
        "hash": "10a893e6c70c015438aa2a96a4b3d71e"
    },
    {
        "key": "spine/physics/307/00/aim",
        "hash": "7208580cb6ac2a340869883e9bc0618b"
    },
    {
        "key": "spine/physics/307/00/aim-shooting",
        "hash": "db2c387e9324053448b8d2b526c2c1fd"
    },
    {
        "key": "spine/physics/307/00/cover",
        "hash": "5feaf804a1e6ec741a7f12ed032a2f1f"
    },
    {
        "key": "spine/physics/308/00/aim",
        "hash": "36e9b5a2654b16f439f6df63c71fd34b"
    },
    {
        "key": "spine/physics/308/00/aim-shooting",
        "hash": "989a9424061e2ec4094c8c276c0a4ef1"
    },
    {
        "key": "spine/physics/308/00/cover",
        "hash": "b681da743ab261440b42d0573bfed56a"
    },
    {
        "key": "spine/physics/310/00/aim",
        "hash": "088f29de9091f8947887e18f70616c42"
    },
    {
        "key": "spine/physics/310/00/aim-shooting",
        "hash": "329b1bdab51895d4694aca9a723cc282"
    },
    {
        "key": "spine/physics/310/00/cover",
        "hash": "21ebf67eb7303f04fa751f1878df69f1"
    },
    {
        "key": "spine/physics/310/01/aim",
        "hash": "24a88be69e9795e488cb5fa37a7e6f98"
    },
    {
        "key": "spine/physics/310/01/aim-shooting",
        "hash": "3b285be5fe553e64487116f5c2fc4fc8"
    },
    {
        "key": "spine/physics/310/01/cover",
        "hash": "2fa4b1b0a8edcd74cad81eb2e1764130"
    },
    {
        "key": "spine/physics/311/00/aim",
        "hash": "95625000e26ff5e4e89b91c0b528bffe"
    },
    {
        "key": "spine/physics/311/00/aim-shooting",
        "hash": "ae15fbd222da2bf4693b2563c2673641"
    },
    {
        "key": "spine/physics/311/00/cover",
        "hash": "0bc910ea530bfa64bbd2206bfcbf065c"
    },
    {
        "key": "spine/physics/312/00/aim",
        "hash": "b2924fb33f83b734ca890f7ad518548b"
    },
    {
        "key": "spine/physics/312/00/aim-shooting",
        "hash": "574f0bfaa00a16b4d8a263b8f14b2994"
    },
    {
        "key": "spine/physics/312/00/cover",
        "hash": "fe3df07bd2163344e883e6edb2ab7aec"
    },
    {
        "key": "spine/physics/313/00/aim",
        "hash": "c4ca9d54fdb5ab64b902a9c390a3b8f6"
    },
    {
        "key": "spine/physics/313/00/aim-shooting",
        "hash": "1a5addb97e1d4824f8340e3e4f581f9f"
    },
    {
        "key": "spine/physics/313/00/cover",
        "hash": "619ec687b05ee6d43a6bba3e18289f00"
    },
    {
        "key": "spine/physics/314/00/aim",
        "hash": "93846a2bebf3f934bba8fde154c1748d"
    },
    {
        "key": "spine/physics/314/00/aim-shooting",
        "hash": "fc85e48dca551b24eb3085b807d608e6"
    },
    {
        "key": "spine/physics/314/00/cover",
        "hash": "637034b4bd5918a4297b77816592a1b2"
    },
    {
        "key": "spine/physics/320/00/aim",
        "hash": "58cf1b53adfe90e4ba25db241070b2fd"
    },
    {
        "key": "spine/physics/320/00/aim-shooting",
        "hash": "639870a74a9b11446b152bdf6f78bbda"
    },
    {
        "key": "spine/physics/320/00/cover",
        "hash": "afd5d1834230c01468ab3f328bf6fcba"
    },
    {
        "key": "spine/physics/321/00/aim",
        "hash": "e1f8643674ea17743ad61e7c961a968f"
    },
    {
        "key": "spine/physics/321/00/aim-shooting",
        "hash": "60cc6cbd15df9de4b9e2f79a46c5b77b"
    },
    {
        "key": "spine/physics/321/00/cover",
        "hash": "9bc488ffb9aa0514585654a827d9bfe0"
    },
    {
        "key": "spine/physics/321/01/aim",
        "hash": "a8f4e3d3918790244bbc3672562ac824"
    },
    {
        "key": "spine/physics/321/01/aim-shooting",
        "hash": "e9be57d3291f72f45841b1b36f84b645"
    },
    {
        "key": "spine/physics/321/01/cover",
        "hash": "865211e49ec5e1b45acd98f740baddc0"
    },
    {
        "key": "spine/physics/330/00/aim",
        "hash": "52b17eab68255da488722bc21ef0e2c0"
    },
    {
        "key": "spine/physics/330/00/aim-shooting",
        "hash": "fe8ea57a7157ec84e83833962f8fbbee"
    },
    {
        "key": "spine/physics/330/00/cover",
        "hash": "4f2ce112278ae794ba42e76caebc11e7"
    },
    {
        "key": "spine/physics/330/01/aim",
        "hash": "2ba73adf54b12824495c1307d904e235"
    },
    {
        "key": "spine/physics/330/01/aim-shooting",
        "hash": "1bbfa19621db213469681f519518607d"
    },
    {
        "key": "spine/physics/330/01/cover",
        "hash": "ac26286578698d74c85bb0a74ec19421"
    },
    {
        "key": "spine/physics/331/00/aim",
        "hash": "3119be67fd30dd24db2d80741351ac94"
    },
    {
        "key": "spine/physics/331/00/aim-shooting",
        "hash": "bde871804efa30a49b1a40769b0e6da4"
    },
    {
        "key": "spine/physics/331/00/cover",
        "hash": "e6792cb9b72369d45bb9d174c7592c31"
    },
    {
        "key": "spine/physics/340/00/aim",
        "hash": "1097f4559e1c69e4b83a9a91171299e1"
    },
    {
        "key": "spine/physics/340/00/aim-shooting",
        "hash": "9e09cf231316f5d4d949af7cbb39cd61"
    },
    {
        "key": "spine/physics/340/00/cover",
        "hash": "ffe1f3609db4ae94399a0b6971c49314"
    },
    {
        "key": "spine/physics/342/00/aim",
        "hash": "e99eb849d2789194db88f11e9a17fd48"
    },
    {
        "key": "spine/physics/342/00/aim-shooting",
        "hash": "ad517ece0dae5aa499479df180364e5a"
    },
    {
        "key": "spine/physics/342/00/cover",
        "hash": "0030da36598bc6847a1930da7eeb461d"
    },
    {
        "key": "spine/physics/350/00/aim",
        "hash": "f7d5e7fdc00e9e54281ed86d54851443"
    },
    {
        "key": "spine/physics/350/00/aim-shooting",
        "hash": "19c975bb65981bf49a6011e5ddf13632"
    },
    {
        "key": "spine/physics/350/00/cover",
        "hash": "5ec9c13ed4e1caf48a22461eb418f373"
    },
    {
        "key": "spine/physics/350/01/aim",
        "hash": "e3d3a771c05e76840bbc54664fe18392"
    },
    {
        "key": "spine/physics/350/01/aim-shooting",
        "hash": "3afc29ec11d6c104f9a8c49909d33590"
    },
    {
        "key": "spine/physics/350/01/cover",
        "hash": "ca9c00e45e99cb54c9a8c6c8c6e1471f"
    },
    {
        "key": "spine/physics/350/02/aim",
        "hash": "85bb79792415681499a3e7bfe91dc30d"
    },
    {
        "key": "spine/physics/350/02/aim-shooting",
        "hash": "354e3e267290c524698ac83ea045ba65"
    },
    {
        "key": "spine/physics/350/02/cover",
        "hash": "9c9c94abadc043c4ab234906f19ec582"
    },
    {
        "key": "spine/physics/351/00/aim",
        "hash": "86c1ccb084827c24da092cd50b2751b2"
    },
    {
        "key": "spine/physics/351/00/aim-shooting",
        "hash": "d115dd6018c454d4194cd61ab1c6a4c7"
    },
    {
        "key": "spine/physics/351/00/cover",
        "hash": "b550da62f8c814f40afbdd349a95fd50"
    },
    {
        "key": "spine/physics/351/01/aim",
        "hash": "acfda7f16f0ad674d95ca01187c27875"
    },
    {
        "key": "spine/physics/351/01/aim-shooting",
        "hash": "2bada033d5659674f93594aafe54f470"
    },
    {
        "key": "spine/physics/351/01/cover",
        "hash": "00e833b0d8408784c9fcb2a0861f08c9"
    },
    {
        "key": "spine/physics/352/00/aim",
        "hash": "a4922f15e18540b46a7c574dd93eecab"
    },
    {
        "key": "spine/physics/352/00/aim-shooting",
        "hash": "223efb6415dd3e440959bfbfb618b921"
    },
    {
        "key": "spine/physics/352/00/cover",
        "hash": "412654ccc6415ed498596df02cc762bb"
    },
    {
        "key": "spine/physics/352/01/aim",
        "hash": "4fa54581b6ab76e44a2ccf5517e4a103"
    },
    {
        "key": "spine/physics/352/01/aim-shooting",
        "hash": "52fb693787ffc7341a7c437e09071bf1"
    },
    {
        "key": "spine/physics/352/01/cover",
        "hash": "ec7069be58978a04b8adb0c876ccff64"
    },
    {
        "key": "spine/physics/352/02/aim",
        "hash": "baf079bcd76414745ac04e0a7ef3116b"
    },
    {
        "key": "spine/physics/352/02/aim-shooting",
        "hash": "0aeb7061e9838a74abb99a5f523807b1"
    },
    {
        "key": "spine/physics/352/02/cover",
        "hash": "5899d0c538cda1d44ac9b0c156b7b535"
    },
    {
        "key": "spine/physics/353/00/aim",
        "hash": "ab43d6510d617ba4c9e9c1cb4803f08e"
    },
    {
        "key": "spine/physics/353/00/aim-shooting",
        "hash": "6aa4819b6d54ca64e8ef6e7a6d41909e"
    },
    {
        "key": "spine/physics/353/00/cover",
        "hash": "8877743d7f7a11c42bcdcbb1c450135d"
    },
    {
        "key": "spine/physics/354/00/aim",
        "hash": "204cbec3cf44f7e49bb50efb7860f93c"
    },
    {
        "key": "spine/physics/354/00/aim-shooting",
        "hash": "683e636d2b4a58d42a22c4e84fa4911b"
    },
    {
        "key": "spine/physics/354/00/cover",
        "hash": "57199c070f67b244388a1c3d82b753de"
    },
    {
        "key": "spine/physics/355/00/aim",
        "hash": "8d0d206e8e0354f4abd169602ce63bcf"
    },
    {
        "key": "spine/physics/355/00/aim-shooting",
        "hash": "6ff80c06c401c2b4b95a39151bb4e96b"
    },
    {
        "key": "spine/physics/355/00/cover",
        "hash": "9efac23e00716704aa4929983e378e4b"
    },
    {
        "key": "spine/physics/360/00/aim",
        "hash": "95ac7518c9a9db84fbbdb0a3d571a666"
    },
    {
        "key": "spine/physics/360/00/aim-shooting",
        "hash": "eef0e672678851749a1549b5f4b52bf3"
    },
    {
        "key": "spine/physics/360/00/cover",
        "hash": "9d63d62f2f249eb499fa440307e78ae7"
    },
    {
        "key": "spine/physics/361/00/aim",
        "hash": "9da7735c2999818499692990bf36c0ce"
    },
    {
        "key": "spine/physics/361/00/aim-shooting",
        "hash": "d78f199b487d9d149bb094d87a38aa79"
    },
    {
        "key": "spine/physics/361/00/cover",
        "hash": "bc70accfff56c85439fe3cfcbc249187"
    },
    {
        "key": "spine/physics/370/00/aim",
        "hash": "8e7d1addd92b7af41bf94ba15f42f6d5"
    },
    {
        "key": "spine/physics/370/00/aim-shooting",
        "hash": "86fe677b7912e824c840f25e2596f67e"
    },
    {
        "key": "spine/physics/370/00/cover",
        "hash": "035ce3dba83c6324e9b20f839a75ee6f"
    },
    {
        "key": "spine/physics/380/00/aim",
        "hash": "eaec25a10b94e7246b98fcdc63539fbe"
    },
    {
        "key": "spine/physics/380/00/aim-shooting",
        "hash": "221f4bf26f66f194e97852669c0868ac"
    },
    {
        "key": "spine/physics/380/00/cover",
        "hash": "772e92bf12890a646bcb3b82948c70d7"
    },
    {
        "key": "spine/physics/381/00/aim",
        "hash": "3032df281e0cd1f4c997d092326f8095"
    },
    {
        "key": "spine/physics/381/00/aim-shooting",
        "hash": "4f377ad465bcf5244aa89a9f704c250f"
    },
    {
        "key": "spine/physics/381/00/cover",
        "hash": "c56e8d6d8a78ccf4a81f7763b425a5c2"
    },
    {
        "key": "spine/physics/381/01/aim",
        "hash": "a5ccd0e9f8ada1045b3b04a516927edd"
    },
    {
        "key": "spine/physics/381/01/aim-shooting",
        "hash": "fd87d3e117cdef64e8e22d1696a17efd"
    },
    {
        "key": "spine/physics/381/01/cover",
        "hash": "d6e06f0f65c59e54faa0c3b80bb3daff"
    },
    {
        "key": "spine/physics/382/00/aim",
        "hash": "cee6fed4b82d1774eac76db781ceba73"
    },
    {
        "key": "spine/physics/382/00/aim-shooting",
        "hash": "64def3b20ac033b49990ecd92a2a8e89"
    },
    {
        "key": "spine/physics/382/00/cover",
        "hash": "15ae8bbd2ee839e4d98e907c88893769"
    },
    {
        "key": "spine/physics/382/01/aim",
        "hash": "79b782c9ec2216748a79850b2b6240ac"
    },
    {
        "key": "spine/physics/382/01/aim-shooting",
        "hash": "871b41fc79f232a40b50c1949651c2a4"
    },
    {
        "key": "spine/physics/382/01/cover",
        "hash": "bb8e1f44ad14f484fadc92def74c82d7"
    },
    {
        "key": "spine/physics/390/00/aim",
        "hash": "183807d20fb93184c8d762b429a185da"
    },
    {
        "key": "spine/physics/390/00/aim-shooting",
        "hash": "2f4240bffdfdd8c4186dd7647f13a8f7"
    },
    {
        "key": "spine/physics/390/00/cover",
        "hash": "1fad31eddd51cc04e8de2b321a0337a9"
    },
    {
        "key": "spine/physics/390/01/aim",
        "hash": "ba68f6f5cf0498f4f98cd941bb2f63a2"
    },
    {
        "key": "spine/physics/390/01/aim-shooting",
        "hash": "7ad99854ac1dba745a6619fb31d56f33"
    },
    {
        "key": "spine/physics/390/01/cover",
        "hash": "d52f701a459cc2d48b23640cc0ed75f5"
    },
    {
        "key": "spine/physics/391/00/aim",
        "hash": "00bca82d6f59d3546942a9a4b782b4d6"
    },
    {
        "key": "spine/physics/391/00/aim-shooting",
        "hash": "64451d33c574c0447bd290a843059d7a"
    },
    {
        "key": "spine/physics/391/00/cover",
        "hash": "fdb3f6bba2176fd4d92695500d4a82f8"
    },
    {
        "key": "spine/physics/391/01/aim",
        "hash": "65c83f9a40c4a104e9156b20981df860"
    },
    {
        "key": "spine/physics/391/01/aim-shooting",
        "hash": "123e99c67efd5cf4baaa933d362a0aa0"
    },
    {
        "key": "spine/physics/391/01/cover",
        "hash": "555fc634310fd014cb58543133ba2bcd"
    },
    {
        "key": "spine/physics/392/00/aim",
        "hash": "befad941f47946c40a251c07b0f34742"
    },
    {
        "key": "spine/physics/392/00/aim-shooting",
        "hash": "8ce0c9926e31ea54a99dabdbeee7c90f"
    },
    {
        "key": "spine/physics/392/00/cover",
        "hash": "d13f71f6dde29a945a26c7fe8967211b"
    },
    {
        "key": "spine/physics/400/00/aim",
        "hash": "126aa8646c84d30438bad3646b408b6c"
    },
    {
        "key": "spine/physics/400/00/aim-shooting",
        "hash": "3ced297169e4eec459885e85417cfac8"
    },
    {
        "key": "spine/physics/400/00/cover",
        "hash": "01d2250b4f13ae24091a30102b3cd5c3"
    },
    {
        "key": "spine/physics/400/01/aim",
        "hash": "2f5af9750e384c04980e601ef2c2f011"
    },
    {
        "key": "spine/physics/400/01/aim-shooting",
        "hash": "56bd056b18a698e40a49797c4b39c4db"
    },
    {
        "key": "spine/physics/400/01/cover",
        "hash": "d4e0f5c315ebfd548b6a1e64c01e92ec"
    },
    {
        "key": "spine/physics/401/00/aim",
        "hash": "c2c77d557ee6be647b16f04f7b1643c3"
    },
    {
        "key": "spine/physics/401/00/aim-shooting",
        "hash": "daead2cc12c142945995175c380044a4"
    },
    {
        "key": "spine/physics/401/00/cover",
        "hash": "94ffa22bec4e44048a0a5e6bc310347a"
    },
    {
        "key": "spine/physics/401/01/aim",
        "hash": "674b45aea7fb0bb41b95ae5b13839e29"
    },
    {
        "key": "spine/physics/401/01/aim-shooting",
        "hash": "7cf8a188318551241a75c6e5cfedacaf"
    },
    {
        "key": "spine/physics/401/01/cover",
        "hash": "92dd2783ddea6fc40878ea4724b71bc2"
    },
    {
        "key": "spine/physics/402/00/aim",
        "hash": "4127514acc32f014abf9c944cb28540c"
    },
    {
        "key": "spine/physics/402/00/aim-shooting",
        "hash": "3ad55bbf2679b744b9744c772d7d9cbb"
    },
    {
        "key": "spine/physics/402/00/cover",
        "hash": "9e9cc3a7aafc64c4a93b28872a8086a1"
    },
    {
        "key": "spine/physics/403/00/aim",
        "hash": "a38ff9161e5182e4dae815a76acdbe7b"
    },
    {
        "key": "spine/physics/403/00/aim-shooting",
        "hash": "869afdf3f0400f249b0298fe4bfa27ee"
    },
    {
        "key": "spine/physics/403/00/cover",
        "hash": "0ab1997bc33d88041a208d79df57fffe"
    },
    {
        "key": "spine/physics/410/00/aim",
        "hash": "24c9ec2350dcebb46ae4fcafa7458db2"
    },
    {
        "key": "spine/physics/410/00/aim-shooting",
        "hash": "997907a762891944ab2e7e5944ad01b3"
    },
    {
        "key": "spine/physics/410/00/cover",
        "hash": "8233913a715b29c43a17cc93cad1658b"
    },
    {
        "key": "spine/physics/411/00/aim",
        "hash": "6f6696caef87ca843829dce8265e3354"
    },
    {
        "key": "spine/physics/411/00/aim-shooting",
        "hash": "38de5d4a46e62694fb04c50877c0a724"
    },
    {
        "key": "spine/physics/411/00/cover",
        "hash": "1dce28ce915cf04438df04a690429c39"
    },
    {
        "key": "spine/physics/412/00/aim",
        "hash": "57a1ba3348546884e9547aa210d4b065"
    },
    {
        "key": "spine/physics/412/00/aim-shooting",
        "hash": "3c4a36d3c6c3fd340b01cbf428841801"
    },
    {
        "key": "spine/physics/412/00/cover",
        "hash": "32cb61665826a4d40a9f017ad2776e34"
    },
    {
        "key": "spine/physics/430/00/aim",
        "hash": "4de90cb37e9aaf645a4e44b34eff4c25"
    },
    {
        "key": "spine/physics/430/00/aim-shooting",
        "hash": "260dc85981b22cb4e89100c07de5a511"
    },
    {
        "key": "spine/physics/430/00/cover",
        "hash": "be90c351bb19d6148b8df6dd3e109535"
    },
    {
        "key": "spine/physics/430/01/aim",
        "hash": "b6641c9f95f76674c93efb5c8cf33b62"
    },
    {
        "key": "spine/physics/430/01/aim-shooting",
        "hash": "730f3c88ba015b040aeab4bf2307f974"
    },
    {
        "key": "spine/physics/430/01/cover",
        "hash": "b771991185bb40b4c9de3edb3ffd4b8c"
    },
    {
        "key": "spine/physics/430/02/aim",
        "hash": "902eed2eadc7cab4cb777d2308f72c6e"
    },
    {
        "key": "spine/physics/430/02/aim-shooting",
        "hash": "fe15183ebafd7c44fa84dc1b59898e82"
    },
    {
        "key": "spine/physics/430/02/cover",
        "hash": "fc890951d39d23b44b8a215ca0fc231b"
    },
    {
        "key": "spine/physics/431/00/aim",
        "hash": "9c30a01662a2b474080fd2b2e9311bc3"
    },
    {
        "key": "spine/physics/431/00/aim-shooting",
        "hash": "9e0974b0b305e834ea35a6b250048d26"
    },
    {
        "key": "spine/physics/431/00/cover",
        "hash": "64db203caa907e84ca34d956ba6537db"
    },
    {
        "key": "spine/physics/431/01/aim",
        "hash": "186861e43cf0f7543aab9f864f58ec66"
    },
    {
        "key": "spine/physics/431/01/aim-shooting",
        "hash": "5ecf78dfe89554449bda10a52c45b34e"
    },
    {
        "key": "spine/physics/431/01/cover",
        "hash": "44fdc3be6f92dab4eacf2e6f91dd6cc0"
    },
    {
        "key": "spine/physics/432/00/aim",
        "hash": "18b61e5b5efeb10488ed87199a0e012f"
    },
    {
        "key": "spine/physics/432/00/aim-shooting",
        "hash": "350e47e3b2908fd438635c5b8b827cba"
    },
    {
        "key": "spine/physics/432/00/cover",
        "hash": "e43028db01cc5a2418bc5802888d32ce"
    },
    {
        "key": "spine/physics/441/00/aim",
        "hash": "9e2fe26e07a870f4ca0097fa6c7c363a"
    },
    {
        "key": "spine/physics/441/00/aim-shooting",
        "hash": "dc17a40bb77238a4a8b9b4c2be5e3109"
    },
    {
        "key": "spine/physics/441/00/cover",
        "hash": "d71c6adcff44fb546957bcdefa6a0bae"
    },
    {
        "key": "spine/physics/450/00/aim",
        "hash": "621a787cdce6a2549bf33d1b9fe950f1"
    },
    {
        "key": "spine/physics/450/00/aim-shooting",
        "hash": "3c6253fe24167594ab553b7f3d1d5642"
    },
    {
        "key": "spine/physics/450/00/cover",
        "hash": "459163d1349afdc4280f814ed373293b"
    },
    {
        "key": "spine/physics/450/01/aim",
        "hash": "41ecae3047ffd3b48b1434182f8bd33c"
    },
    {
        "key": "spine/physics/450/01/aim-shooting",
        "hash": "ae07e2dbaff943e4dbea0ba9892af7df"
    },
    {
        "key": "spine/physics/450/01/cover",
        "hash": "f76bf582a7ecfc648b1ca7d93a3a5911"
    },
    {
        "key": "spine/physics/450/02/aim",
        "hash": "2ec8ad5d567550e46bd737188e26d3e3"
    },
    {
        "key": "spine/physics/450/02/aim-shooting",
        "hash": "c0df530e34db6614da1da5542f88b746"
    },
    {
        "key": "spine/physics/450/02/cover",
        "hash": "f38037408c2dab24d8d340dc15457fb0"
    },
    {
        "key": "spine/physics/451/00/aim",
        "hash": "e8d309c0fe4321b45a62f28a644a5be1"
    },
    {
        "key": "spine/physics/451/00/aim-shooting",
        "hash": "34d18537c75326646adc9e813a77c8f3"
    },
    {
        "key": "spine/physics/451/00/cover",
        "hash": "0cf8993638f4bf545a707f21352e6ba0"
    },
    {
        "key": "spine/physics/451/01/aim",
        "hash": "9dfb659bd6642bd4ca215a51a7e042e6"
    },
    {
        "key": "spine/physics/451/01/aim-shooting",
        "hash": "78dd2ab5f69aaf147ba32d9f48952ac4"
    },
    {
        "key": "spine/physics/451/01/cover",
        "hash": "ba6212ea65dfc7e448e2e830fd296177"
    },
    {
        "key": "spine/physics/451/02/aim",
        "hash": "28203b24ce70b4a4ca3fa45ca765effb"
    },
    {
        "key": "spine/physics/451/02/aim-shooting",
        "hash": "a8710b4fa317a764f8c3389fb6428d30"
    },
    {
        "key": "spine/physics/451/02/cover",
        "hash": "1563eeb9d214c3840a4cb11ac6a5e8f8"
    },
    {
        "key": "spine/physics/470/00/aim",
        "hash": "375ffc22403d4e941be1e110adc6ef30"
    },
    {
        "key": "spine/physics/470/00/aim-shooting",
        "hash": "b088d1940c7bc5e45b30ef113f0cdc43"
    },
    {
        "key": "spine/physics/470/00/cover",
        "hash": "af2002e6844c72545a8cde8d4f0e6b72"
    },
    {
        "key": "spine/physics/470/01/aim",
        "hash": "62ea0e120d981d74ca93314f44114c6a"
    },
    {
        "key": "spine/physics/470/01/aim-shooting",
        "hash": "a531babfce2692246b3831870baa8321"
    },
    {
        "key": "spine/physics/470/01/cover",
        "hash": "40e2fde9b4a3134488cbceb9e0e5dcaf"
    },
    {
        "key": "spine/physics/500/00/aim",
        "hash": "5e8e1c7f7c42f3a4482079ca932c9b19"
    },
    {
        "key": "spine/physics/500/00/aim-shooting",
        "hash": "3ddb5cec6e5acf648b2af230ceb9a90e"
    },
    {
        "key": "spine/physics/500/00/cover",
        "hash": "ee1677b41f8120a46bb7b36aa16e8a8e"
    },
    {
        "key": "spine/physics/501/00/aim",
        "hash": "fc281528e04cc814bb3d1c42a5e6c4a8"
    },
    {
        "key": "spine/physics/501/00/aim-shooting",
        "hash": "b90340b1f00c03b45b6da6ae30d8cd73"
    },
    {
        "key": "spine/physics/501/00/cover",
        "hash": "54b41c0b997a0f84084dd02ab5385c16"
    },
    {
        "key": "spine/physics/501/01/aim",
        "hash": "10583ad0fabb59041ae9f68a63185420"
    },
    {
        "key": "spine/physics/501/01/aim-shooting",
        "hash": "42f4b3ac6b566774282c8c110f03c6f2"
    },
    {
        "key": "spine/physics/501/01/cover",
        "hash": "a309232f608e60d4484355dd7641b906"
    },
    {
        "key": "spine/physics/511/00/aim",
        "hash": "ff6cd6462b3fce646b5ab1f57238ae74"
    },
    {
        "key": "spine/physics/511/00/aim-shooting",
        "hash": "29291c195b0b6d1418c733eb30fdaa43"
    },
    {
        "key": "spine/physics/511/00/cover",
        "hash": "d956f9d4ad075d54585f0274243fa608"
    },
    {
        "key": "spine/physics/511/01/aim",
        "hash": "04798cf2a73fa0845919cca568197c84"
    },
    {
        "key": "spine/physics/511/01/aim-shooting",
        "hash": "d19b757384e584f448b4a6fb023d6333"
    },
    {
        "key": "spine/physics/511/01/cover",
        "hash": "59307b7b167e38a4e93d24058c513762"
    },
    {
        "key": "spine/physics/514/00/aim",
        "hash": "97ba7a744a9bad44683034a8154bceab"
    },
    {
        "key": "spine/physics/514/00/aim-shooting",
        "hash": "9ea81ec47589e4343b21430f996ed60c"
    },
    {
        "key": "spine/physics/514/00/cover",
        "hash": "cc5198bc126876045a68c30a87b9c3f2"
    },
    {
        "key": "spine/physics/520/00/aim",
        "hash": "da0c7eef117fd5343ac7b2018e1e8bd2"
    },
    {
        "key": "spine/physics/520/00/aim-shooting",
        "hash": "eae7199bf4a73fd4cb236b9e5bf09bbf"
    },
    {
        "key": "spine/physics/520/00/cover",
        "hash": "039801f8aec70574ab8f6c2a05317283"
    },
    {
        "key": "spine/physics/521/00/aim",
        "hash": "81a1aaf245fe7a244b240113c29cfff1"
    },
    {
        "key": "spine/physics/521/00/aim-shooting",
        "hash": "de6fc806fc158634e9fa6f5512d4a297"
    },
    {
        "key": "spine/physics/521/00/cover",
        "hash": "05dc503a2f1ef954a9780af46ec0f845"
    },
    {
        "key": "spine/physics/550/00/aim",
        "hash": "dabb3e34fd04e9f4d8b4f7c91f30e6a3"
    },
    {
        "key": "spine/physics/550/00/aim-shooting",
        "hash": "0675feddce1a1524b9b113b061786b32"
    },
    {
        "key": "spine/physics/550/00/cover",
        "hash": "e17bc3d8c9989fd4bbe19ed6bd11ca4c"
    },
    {
        "key": "spine/physics/551/00/aim",
        "hash": "0d3d6e738b444014cb0590a468226da9"
    },
    {
        "key": "spine/physics/551/00/aim-shooting",
        "hash": "3c3a7cfa4fd21b347b90e6ce8c5b28db"
    },
    {
        "key": "spine/physics/551/00/cover",
        "hash": "74f154bf7cd626c4c9cdba9b4c203100"
    },
    {
        "key": "spine/physics/580/00/aim",
        "hash": "a90c3e9e76e31e142995adad7bf6f446"
    },
    {
        "key": "spine/physics/580/00/aim-shooting",
        "hash": "9250fa1c0e7c3a24ca7cd39de91688b6"
    },
    {
        "key": "spine/physics/580/00/cover",
        "hash": "2deec4107d6047947a6efce4a1e9cd7b"
    },
    {
        "key": "spine/physics/800/00/aim",
        "hash": "6333e025f4aa9084ca2d298ac61bfe5e"
    },
    {
        "key": "spine/physics/800/00/aim-shooting",
        "hash": "a33020be2e6418e46ba62033c68b398f"
    },
    {
        "key": "spine/physics/800/00/cover",
        "hash": "9479767f3f4f9bf44a9cbfbdcc75d4b5"
    },
    {
        "key": "spine/physics/800/01/aim",
        "hash": "299191f65f615fb4da0485971a6fdccd"
    },
    {
        "key": "spine/physics/800/01/aim-shooting",
        "hash": "c4bbbb6a18780144a915afa07fbd0d71"
    },
    {
        "key": "spine/physics/800/01/cover",
        "hash": "6decdb3c4a721524cad893e3ade75013"
    },
    {
        "key": "spine/physics/801/00/aim",
        "hash": "e39f2cf346aa6ff4dbdc9dba521bd7bc"
    },
    {
        "key": "spine/physics/801/00/aim-shooting",
        "hash": "18da3d9a08526e64fa25c57617f3865d"
    },
    {
        "key": "spine/physics/801/00/cover",
        "hash": "eb5b6877e197b6f4dac0e02dc704c45e"
    },
    {
        "key": "spine/physics/802/00/aim",
        "hash": "fbafec136495f744c8f1b7a38f016dd2"
    },
    {
        "key": "spine/physics/802/00/aim-shooting",
        "hash": "42a5ce6f7feec604fbbc6b94c497d6c8"
    },
    {
        "key": "spine/physics/802/00/cover",
        "hash": "a6a5fbb719e6783498725a8741dab31e"
    },
    {
        "key": "spine/physics/810/00/aim",
        "hash": "7ae7fb24bce101149a4b70794b20d086"
    },
    {
        "key": "spine/physics/810/00/aim-shooting",
        "hash": "2b4a7b85e8170a6418a75e6f9941711f"
    },
    {
        "key": "spine/physics/810/00/cover",
        "hash": "a9f33ea17fae2a646803de0f6832f8e6"
    },
    {
        "key": "spine/physics/810/01/aim",
        "hash": "35d0005b064cdce4383b825dc89ba477"
    },
    {
        "key": "spine/physics/810/01/aim-shooting",
        "hash": "64e16b2aeaedbca468fa9fb36d1c6bab"
    },
    {
        "key": "spine/physics/810/01/cover",
        "hash": "ce10216b6ee28174da3cea4f997c8536"
    },
    {
        "key": "spine/physics/810/02/aim",
        "hash": "cd7420da363265547924c0c234aadd33"
    },
    {
        "key": "spine/physics/810/02/aim-shooting",
        "hash": "fd3b225ede8b7314a8314fecf867aecd"
    },
    {
        "key": "spine/physics/810/02/cover",
        "hash": "1bfbfb444622cad48b3dcbb3cce2f1fe"
    },
    {
        "key": "spine/physics/811/00/aim",
        "hash": "fa682f2680ad1c542ab619c9fdb3e984"
    },
    {
        "key": "spine/physics/811/00/aim-shooting",
        "hash": "daedc97b219ba13458d1df99238b8c09"
    },
    {
        "key": "spine/physics/811/00/cover",
        "hash": "78db23945da17434f865f774e79acf22"
    },
    {
        "key": "spine/physics/811/01/aim",
        "hash": "2af293907d652744f9a9ac1e4e7d5845"
    },
    {
        "key": "spine/physics/811/01/aim-shooting",
        "hash": "122c71a9a7236f74db4b549677bbfb77"
    },
    {
        "key": "spine/physics/811/01/cover",
        "hash": "baf10ca33ef74f84982d9ad0d76e86a1"
    },
    {
        "key": "spine/physics/811/02/aim",
        "hash": "110f007616cdfae4e874efb7abc5edac"
    },
    {
        "key": "spine/physics/811/02/aim-shooting",
        "hash": "a81635dcd81006c4db29d08e6a711bd0"
    },
    {
        "key": "spine/physics/811/02/cover",
        "hash": "d5c8cad9eddc3a54ea5f22c9c89c265d"
    },
    {
        "key": "spine/physics/820/00/aim",
        "hash": "fda554eee7a4c5b48b18b604499e27b2"
    },
    {
        "key": "spine/physics/820/00/aim-shooting",
        "hash": "fdfdf4d0399fe7542843fbadff760879"
    },
    {
        "key": "spine/physics/820/00/cover",
        "hash": "3334b32976c47f14fb29e364a96b03b2"
    },
    {
        "key": "spine/physics/820/01/aim",
        "hash": "6052ea38c79829a46ba78a4e04721a66"
    },
    {
        "key": "spine/physics/820/01/aim-shooting",
        "hash": "b4c051298369be243924350559a3864d"
    },
    {
        "key": "spine/physics/820/01/cover",
        "hash": "071e491769ce473489a4789eb01ea1a7"
    },
    {
        "key": "spine/physics/820/02/aim",
        "hash": "c0bc7f525b9b4e4418cd281652e62dee"
    },
    {
        "key": "spine/physics/820/02/aim-shooting",
        "hash": "8f0e431e761c1fb4493963fe7d2332d7"
    },
    {
        "key": "spine/physics/820/02/cover",
        "hash": "ba91bc494e6cae045980944c548cd1f5"
    },
    {
        "key": "spine/physics/821/00/aim",
        "hash": "1f2f5293b11a56747845566c7a47c986"
    },
    {
        "key": "spine/physics/821/00/aim-shooting",
        "hash": "7ba6500e9e938394e9a2ef01b02fe069"
    },
    {
        "key": "spine/physics/821/00/cover",
        "hash": "a2db68c1f2272d64cb9669abc046cfd1"
    },
    {
        "key": "spine/physics/821/01/aim",
        "hash": "d102315d5cab29e41a7a299de3d12d37"
    },
    {
        "key": "spine/physics/821/01/aim-shooting",
        "hash": "873930fac113c8044b9e35ef7ea53c66"
    },
    {
        "key": "spine/physics/821/01/cover",
        "hash": "310c302b94e2f024ea28c345de443751"
    },
    {
        "key": "spine/physics/821/02/aim",
        "hash": "fae05ce8746f1c04a87bfd447b667308"
    },
    {
        "key": "spine/physics/821/02/aim-shooting",
        "hash": "5b607eb066f1ca64f887f34bba0b9035"
    },
    {
        "key": "spine/physics/821/02/cover",
        "hash": "5e18fd82a21f60b4ca856c9354bc9949"
    },
    {
        "key": "spine/physics/822/00/aim",
        "hash": "1766eb0abd2baa841939726e3385a9b6"
    },
    {
        "key": "spine/physics/822/00/aim-shooting",
        "hash": "8ede37c333f8807499a5575ae7eac0ee"
    },
    {
        "key": "spine/physics/822/00/cover",
        "hash": "2d21e0b76b845dd4ca2965f499c2b180"
    },
    {
        "key": "spine/physics/830/00/aim",
        "hash": "398d5111070605848b57d9253262403a"
    },
    {
        "key": "spine/physics/830/00/aim-shooting",
        "hash": "ebabbd42c75d58e43b08c4433545536d"
    },
    {
        "key": "spine/physics/830/00/cover",
        "hash": "c09aaaca623195f498c1032dad5fa92e"
    },
    {
        "key": "spine/physics/830/01/aim",
        "hash": "d897f355939082a419d4dd793609cec2"
    },
    {
        "key": "spine/physics/830/01/aim-shooting",
        "hash": "8715ff086ff82494094a2588589236b8"
    },
    {
        "key": "spine/physics/830/01/cover",
        "hash": "d6df65b054f2b2e4f8f4052ed25f7363"
    },
    {
        "key": "spine/physics/830/02/aim",
        "hash": "46a309a833709954aafebd6514c835b8"
    },
    {
        "key": "spine/physics/830/02/aim-shooting",
        "hash": "071aa8e94afae044d9a0b1c7089e7ba3"
    },
    {
        "key": "spine/physics/830/02/cover",
        "hash": "fa07d51be8241304ea705472010a8a47"
    },
    {
        "key": "spine/physics/830/03/aim",
        "hash": "dcc9da20db88f504ca124e45cc5990b0"
    },
    {
        "key": "spine/physics/830/03/aim-shooting",
        "hash": "b1ad5d2ca6368c746bf37c77917f1699"
    },
    {
        "key": "spine/physics/830/03/cover",
        "hash": "958367c922e499d4f82c674d994f62f2"
    },
    {
        "key": "spine/physics/831/00/aim",
        "hash": "77841a83c5cec4e4388341123777b04f"
    },
    {
        "key": "spine/physics/831/00/aim-shooting",
        "hash": "0e530f651ad03a545a190455952dcec4"
    },
    {
        "key": "spine/physics/831/00/cover",
        "hash": "3ca3e4834c0998f429e2aed3345e0c10"
    },
    {
        "key": "spine/physics/831/01/aim",
        "hash": "f62133fd73c04384b86ce7c0161ebd27"
    },
    {
        "key": "spine/physics/831/01/aim-shooting",
        "hash": "62f057c0dc3a6b24780367d023ce7126"
    },
    {
        "key": "spine/physics/831/01/cover",
        "hash": "6ad4e3ce56db8384dbb69f4384b72368"
    },
    {
        "key": "spine/physics/831/02/aim",
        "hash": "62b156d622d39e6418251777fd82e832"
    },
    {
        "key": "spine/physics/831/02/aim-shooting",
        "hash": "d7a640d6be6b0374a8259e4619a46b9d"
    },
    {
        "key": "spine/physics/831/02/cover",
        "hash": "a197982339a36b6458e49bd23beeeac0"
    },
    {
        "key": "spine/physics/832/00/aim",
        "hash": "3cba9c95a7f14d045ac44608386d93af"
    },
    {
        "key": "spine/physics/832/00/aim-shooting",
        "hash": "912a1061d404b144aa0690a4b4f326bf"
    },
    {
        "key": "spine/physics/832/00/cover",
        "hash": "d2fc9588fcb63384d9c34dba42957e55"
    },
    {
        "key": "spine/physics/832/01/aim",
        "hash": "fe59dcb691614b848982bc6eb7e39d5f"
    },
    {
        "key": "spine/physics/832/01/aim-shooting",
        "hash": "e21d65df61ecd0a44a79c7958d0c9393"
    },
    {
        "key": "spine/physics/832/01/cover",
        "hash": "5db3f708490388545bf2f71685c12264"
    },
    {
        "key": "spine/physics/832/02/aim",
        "hash": "519c1e30c337484499e2b21f488c9c5e"
    },
    {
        "key": "spine/physics/832/02/aim-shooting",
        "hash": "58c39609859415a428365d81b987ffae"
    },
    {
        "key": "spine/physics/832/02/cover",
        "hash": "6e4f3c11cd09ea84b8fac6d36b305a30"
    },
    {
        "key": "spine/physics/832/03/aim",
        "hash": "c41093957e839444db5e728d3a149ef8"
    },
    {
        "key": "spine/physics/832/03/aim-shooting",
        "hash": "4f7dc2bfd4412304187b7a243cd8892a"
    },
    {
        "key": "spine/physics/832/03/cover",
        "hash": "4ebcb00fa7b77a14c8d4ce580ac28d66"
    },
    {
        "key": "spine/physics/832/04/aim",
        "hash": "acd6fc4649933c9429ae73d8f6e36657"
    },
    {
        "key": "spine/physics/832/04/aim-shooting",
        "hash": "c70d30864fce6d440a3e55ee56354479"
    },
    {
        "key": "spine/physics/832/04/cover",
        "hash": "bcd9c9aa0c8b16b4d8ebeb6ce75b701d"
    },
    {
        "key": "spine/physics/833/00/aim",
        "hash": "4719ed342b6be9b4491194c76eb209a2"
    },
    {
        "key": "spine/physics/833/00/aim-shooting",
        "hash": "e512f9b49a7108d4b87773e6c51a1370"
    },
    {
        "key": "spine/physics/833/00/cover",
        "hash": "d929526a0fd592e439a4e109f6ceb3cf"
    },
    {
        "key": "spine/physics/834/00/aim",
        "hash": "a9ccdf218b281ee4a92e3ae1a0c467c3"
    },
    {
        "key": "spine/physics/834/00/aim-shooting",
        "hash": "e6886336ff817c44b8e0747d26dbb2ce"
    },
    {
        "key": "spine/physics/834/00/cover",
        "hash": "0ca0761d51d4b954bb53881f1c4fce8f"
    },
    {
        "key": "spine/physics/834/01/aim",
        "hash": "79f35dd5fefc36640a5381bbf59c2d72"
    },
    {
        "key": "spine/physics/834/01/aim-shooting",
        "hash": "3aef600f132e62540a3e98faad8b7262"
    },
    {
        "key": "spine/physics/834/01/cover",
        "hash": "1add78a5cdadf224080424cccbb80597"
    },
    {
        "key": "spine/physics/834/02/aim",
        "hash": "d4628f7019190ff4bae1f1d492beb6b6"
    },
    {
        "key": "spine/physics/834/02/aim-shooting",
        "hash": "87a14476175dbd649b228c65052a2171"
    },
    {
        "key": "spine/physics/834/02/cover",
        "hash": "42b61812e86043241af2aabd5365d122"
    },
    {
        "key": "spine/physics/835/00/aim",
        "hash": "bb43c983cf991f1499674c63f2cdfb1d"
    },
    {
        "key": "spine/physics/835/00/aim-shooting",
        "hash": "3c16be0915938da48ae8e8af0da4f853"
    },
    {
        "key": "spine/physics/835/00/cover",
        "hash": "de913a4c4eb985a45b79aee94a7277e5"
    },
    {
        "key": "spine/physics/835/01/aim",
        "hash": "58f0fc05df88e8c4c9cd15e8a2ea675d"
    },
    {
        "key": "spine/physics/835/01/aim-shooting",
        "hash": "9a07d60c8d8ab954ea9bc7625c3a5a85"
    },
    {
        "key": "spine/physics/835/01/cover",
        "hash": "7d7657d5e79f8db43be0e6b0d82f8459"
    },
    {
        "key": "spine/physics/835/02/aim",
        "hash": "89bb7e2febc9f634d934d2c42a2ff835"
    },
    {
        "key": "spine/physics/835/02/aim-shooting",
        "hash": "e582a777cc5df0d41ac33b1764699414"
    },
    {
        "key": "spine/physics/835/02/cover",
        "hash": "8e5aa86765eac3e4b95c0a3bd44f3e71"
    },
    {
        "key": "spine/physics/836/00/aim",
        "hash": "d01d4f78bdbd6184f9b54574920f2e9c"
    },
    {
        "key": "spine/physics/836/00/aim-shooting",
        "hash": "8c8d41323c8ee214b97ae6f11efc2fc0"
    },
    {
        "key": "spine/physics/836/00/cover",
        "hash": "afd99ce2cae467f4a9282bff6d1f0e9e"
    },
    {
        "key": "spine/physics/890/00/aim",
        "hash": "cdce7b179dbfb9c4ead51e53e8c6ef02"
    },
    {
        "key": "spine/physics/890/00/aim-shooting",
        "hash": "9612e3f09f7d1674194f3446c9149290"
    },
    {
        "key": "spine/physics/890/00/cover",
        "hash": "c9893cb77c8ef934494e5a26f44f427f"
    },
    {
        "key": "spine/physics/901/00/aim",
        "hash": "aa41daab694ada74d99d8ed98330c756"
    },
    {
        "key": "spine/physics/901/00/aim-shooting",
        "hash": "aa74d380e257e324ba61403d085bbf2c"
    },
    {
        "key": "spine/physics/901/00/cover",
        "hash": "683408947b86d2a41969293f8b9cfdf9"
    },
    {
        "key": "spine/physics/907/00/aim",
        "hash": "681a42cb49d17d34ba82e62b01446514"
    },
    {
        "key": "spine/physics/907/00/aim-shooting",
        "hash": "b6b92f70dd05870499047cb2462c060e"
    },
    {
        "key": "spine/physics/907/00/cover",
        "hash": "bbcebb5df437ad3488fe8a79060165cc"
    },
    {
        "key": "spine/physics/993/00/aim",
        "hash": "347fe0bde872ca14aaeae90b6938b238"
    },
    {
        "key": "spine/physics/993/00/aim-shooting",
        "hash": "4eba6714cb651f94cbff8b80319efb81"
    },
    {
        "key": "spine/physics/993/00/cover",
        "hash": "57d53360dc7435546b2c3eda199846c2"
    }
]